customer_id,segment,city,signup_date,is_member
1000,retail,Solo,2021-03-24,0
1001,retail,Yogyakarta,2023-04-11,0
1002,grosir,Klaten,2021-06-09,1
1003,retail,Solo,2020-05-10,0
1004,retail,Magelang,2023-02-25,0
1005,korporat,Sleman,2021-11-30,0
1006,retail,Sleman,2020-08-15,0
1007,retail,Klaten,2020-12-08,0
1008,korporat,Yogyakarta,2023-05-14,1
1009,grosir,Sleman,2021-02-03,0
1010,retail,Klaten,2021-08-11,0
1011,retail,Klaten,2022-11-11,0
1012,grosir,Solo,2022-07-04,0
1013,retail,Bantul,2023-09-29,0
1014,retail,Sleman,2023-03-01,0
1015,grosir,Sleman,2021-01-25,0
1016,grosir,Klaten,2023-06-02,1
1017,retail,Bantul,2022-01-29,0
1018,grosir,Yogyakarta,2020-11-14,0
1019,retail,Klaten,2021-03-10,1
1020,korporat,Magelang,2021-07-11,1
1021,retail,Klaten,2020-03-27,0
1022,retail,Klaten,2020-03-06,1
1023,retail,Magelang,2022-04-23,0
1024,retail,Klaten,2023-02-27,0
1025,retail,Sleman,2020-08-05,0
1026,retail,Yogyakarta,2020-07-02,0
1027,grosir,Yogyakarta,2022-08-20,0
1028,grosir,Bantul,2022-08-18,0
1029,retail,Sleman,2022-11-12,0
1030,retail,Magelang,2023-06-29,1
1031,retail,Sleman,2020-07-18,0
1032,retail,Klaten,2021-12-02,0
1033,grosir,Klaten,2022-04-14,0
1034,retail,Magelang,2022-02-17,0
1035,retail,Bantul,2020-10-18,0
1036,grosir,Bantul,2021-02-06,0
1037,retail,Sleman,2022-12-04,0
1039,retail,Yogyakarta,2021-02-04,0
1040,retail,Klaten,2021-12-08,1
1041,retail,Klaten,2022-08-23,1
1042,retail,Sleman,2022-11-09,0
1043,retail,Yogyakarta,2022-06-26,0
1044,korporat,Bantul,2023-05-01,0
1045,grosir,Klaten,2022-03-16,0
1046,retail,Sleman,2020-01-07,0
1047,retail,Magelang,2020-10-31,1
1048,retail,Klaten,2023-04-09,0
1049,korporat,Klaten,2023-03-13,1
1050,retail,Bantul,2021-01-09,0
1051,grosir,Yogyakarta,2021-05-11,0
1052,retail,Bantul,2021-04-03,1
1053,retail,Bantul,2022-12-14,1
1054,grosir,Magelang,2020-03-01,0
1055,retail,Solo,2021-10-26,1
1056,retail,Yogyakarta,2022-02-08,1
1057,retail,Yogyakarta,2021-09-19,0
1058,retail,Bantul,2022-03-02,1
1059,retail,Magelang,2022-09-24,1
1060,retail,Yogyakarta,2022-12-10,0
1061,grosir,Bantul,2021-04-22,1
1062,retail,Bantul,2022-10-08,1
1063,retail,Klaten,2022-12-04,1
1065,retail,Bantul,2021-09-14,1
1066,retail,Yogyakarta,2020-06-10,1
1067,retail,Yogyakarta,2022-11-02,0
1068,grosir,Magelang,2022-04-30,0
1069,retail,Klaten,2022-09-03,1
1070,grosir,Solo,2022-10-09,0
1071,retail,Yogyakarta,2023-08-16,0
1072,retail,Solo,2023-09-24,0
1073,retail,Solo,2021-07-26,0
1074,retail,Magelang,2020-02-06,1
1075,grosir,Magelang,2021-05-03,0
1076,retail,Yogyakarta,2020-03-19,0
1077,grosir,Bantul,2023-10-24,1
1078,retail,Yogyakarta,2022-12-06,0
1079,retail,Klaten,2021-12-23,0
1080,retail,Bantul,2022-09-04,0
1081,korporat,Klaten,2021-08-08,0
1082,korporat,Magelang,2023-03-31,1
1083,retail,Solo,2022-09-08,0
1084,retail,Solo,2022-11-21,0
1085,retail,Yogyakarta,2020-12-16,0
1086,grosir,Bantul,2020-06-17,0
1087,retail,Sleman,2023-09-02,1
1088,retail,Klaten,2023-01-03,0
1089,retail,Bantul,2022-11-21,0
1090,retail,Bantul,2020-06-25,1
1091,grosir,Magelang,2022-06-27,0
1092,grosir,Magelang,2022-06-02,0
1093,retail,Magelang,2021-02-12,0
1094,grosir,Sleman,2022-07-10,0
1095,grosir,Bantul,2023-02-07,0
1096,grosir,Bantul,2022-11-14,0
1097,korporat,Yogyakarta,2023-07-10,0
1098,retail,Klaten,2021-11-02,0
1099,grosir,Klaten,2023-01-12,0
1100,retail,Yogyakarta,2022-06-30,1
1101,retail,Bantul,2023-07-01,1
1102,grosir,Sleman,2023-08-19,1
1103,grosir,Yogyakarta,2020-05-09,0
1104,grosir,Solo,2023-07-21,0
1105,retail,Klaten,2022-11-03,1
1106,retail,Solo,2021-06-27,1
1108,korporat,Yogyakarta,2023-07-05,0
1109,retail,Sleman,2021-10-28,0
1111,retail,Sleman,2020-04-22,0
1112,retail,Klaten,2021-01-13,0
1113,grosir,Klaten,2022-01-29,1
1114,grosir,Klaten,2023-03-25,0
1115,retail,Sleman,2020-12-05,1
1116,retail,Sleman,2022-12-18,1
1117,retail,Bantul,2020-02-15,0
1118,grosir,Sleman,2020-01-08,1
1119,retail,Solo,2023-08-03,0
1120,retail,Magelang,2020-01-16,0
1121,retail,Bantul,2023-03-11,1
1122,retail,Klaten,2022-06-18,1
1123,grosir,Sleman,2022-06-07,1
1124,retail,Magelang,2023-02-17,0
1125,grosir,Klaten,2022-11-13,1
1126,retail,Yogyakarta,2023-04-04,0
1127,retail,Solo,2022-07-29,1
1128,retail,Magelang,2023-10-31,1
1129,retail,Solo,2021-10-09,0
1130,korporat,Solo,2021-08-14,1
1131,retail,Magelang,2020-06-18,1
1132,retail,Solo,2023-08-25,1
1133,retail,Solo,2021-02-08,0
1134,korporat,Sleman,2023-06-09,0
1135,korporat,Magelang,2021-12-09,1
1137,retail,Magelang,2022-03-25,0
1138,grosir,Solo,2020-05-30,0
1139,grosir,Bantul,2021-02-26,0
1140,retail,Solo,2022-03-20,1
1141,retail,Yogyakarta,2020-06-27,0
1142,retail,Solo,2020-04-19,1
1143,grosir,Magelang,2021-04-24,0
1144,grosir,Yogyakarta,2022-12-22,1
1145,grosir,Klaten,2020-09-16,0
1146,grosir,Solo,2023-08-28,0
1147,retail,Solo,2023-07-26,0
1148,grosir,Yogyakarta,2020-05-07,1
1149,retail,Sleman,2020-11-05,0
1150,retail,Klaten,2021-12-07,0
1151,retail,Solo,2021-07-05,0
1152,retail,Sleman,2021-05-07,0
1153,retail,Sleman,2022-01-28,0
1154,grosir,Magelang,2022-05-18,0
1156,retail,Yogyakarta,2021-11-10,0
1157,grosir,Solo,2021-11-23,0
1158,retail,Klaten,2020-12-04,1
1159,grosir,Yogyakarta,2022-02-12,1
1160,retail,Bantul,2022-07-05,1
1161,grosir,Sleman,2020-03-09,0
1162,retail,Bantul,2023-01-23,1
1163,retail,Solo,2023-08-19,0
1164,grosir,Magelang,2022-09-28,0
1165,retail,Solo,2022-01-23,0
1166,retail,Magelang,2023-02-02,0
1167,korporat,Magelang,2020-07-23,0
1168,retail,Magelang,2021-07-02,1
1169,retail,Yogyakarta,2023-10-07,0
1170,retail,Yogyakarta,2022-12-16,1
1171,retail,Yogyakarta,2020-08-23,0
1172,retail,Magelang,2020-12-08,1
1173,grosir,Sleman,2022-10-15,0
1174,grosir,Bantul,2022-03-21,0
1175,grosir,Solo,2021-11-06,0
1176,korporat,Solo,2020-07-24,0
1177,grosir,Magelang,2020-12-26,0
1178,retail,Yogyakarta,2022-03-01,0
1179,grosir,Bantul,2021-06-15,1
1180,retail,Solo,2023-02-22,0
1181,grosir,Magelang,2021-11-04,0
1182,retail,Yogyakarta,2023-05-08,0
1183,retail,Solo,2021-06-03,1
1184,grosir,Sleman,2023-04-05,1
1185,grosir,Sleman,2020-12-11,0
1186,grosir,Yogyakarta,2021-08-27,1
1187,retail,Solo,2021-08-05,0
1188,grosir,Klaten,2022-11-20,1
1189,retail,Sleman,2021-09-02,1
1190,retail,Sleman,2021-02-06,0
1191,retail,Sleman,2022-08-20,0
1192,retail,Bantul,2020-11-27,0
1193,grosir,Yogyakarta,2020-10-03,0
1194,grosir,Yogyakarta,2022-08-27,0
1195,grosir,Yogyakarta,2020-03-04,0
1196,retail,Magelang,2021-06-02,1
1197,grosir,Klaten,2023-03-13,0
1198,retail,Solo,2023-06-08,0
1199,grosir,Yogyakarta,2020-04-07,0
1200,retail,Yogyakarta,2023-05-22,0
1201,retail,Klaten,2022-06-03,0
1202,grosir,Yogyakarta,2022-02-23,0
1203,retail,Sleman,2022-02-07,1
1204,retail,Solo,2020-03-01,0
1205,grosir,Magelang,2023-09-27,1
1206,retail,Klaten,2022-05-23,1
1207,grosir,Yogyakarta,2020-09-22,0
1208,retail,Klaten,2023-09-03,0
1209,retail,Sleman,2023-05-27,0
1210,retail,Solo,2022-03-22,0
1211,retail,Sleman,2020-07-01,1
1212,retail,Yogyakarta,2020-09-14,0
1213,grosir,Klaten,2020-08-28,0
1214,retail,Sleman,2023-06-10,0
1215,retail,Magelang,2022-07-04,0
1216,retail,Bantul,2021-03-17,1
1217,retail,Magelang,2020-08-19,0
1218,korporat,Magelang,2021-08-24,0
1219,retail,Magelang,2022-04-01,0
1220,korporat,Klaten,2021-10-24,1
1221,retail,Magelang,2022-08-03,0
1222,retail,Magelang,2022-01-23,0
1223,retail,Klaten,2020-06-24,0
1224,retail,Klaten,2023-01-26,0
1225,grosir,Bantul,2023-01-11,0
1227,retail,Sleman,2021-08-15,0
1228,retail,Yogyakarta,2020-02-26,1
1229,grosir,Solo,2023-09-15,1
1230,grosir,Magelang,2023-10-14,0
1231,retail,Bantul,2020-01-17,0
1232,retail,Klaten,2020-11-06,1
1233,grosir,Klaten,2020-04-20,0
1234,korporat,Yogyakarta,2022-04-17,1
1235,retail,Yogyakarta,2022-05-18,1
1236,retail,Klaten,2022-11-26,1
1237,retail,Bantul,2020-12-26,0
1238,retail,Bantul,2020-10-06,0
1239,retail,Yogyakarta,2021-07-17,1
1240,retail,Sleman,2022-12-23,0
1241,retail,Bantul,2023-06-26,1
1242,retail,Solo,2022-08-02,0
1243,grosir,Magelang,2021-04-26,0
1244,grosir,Solo,2022-04-04,0
1245,retail,Bantul,2020-03-12,1
1246,retail,Klaten,2023-10-20,0
1247,retail,Magelang,2020-07-19,0
1248,grosir,Klaten,2021-06-28,1
1249,korporat,Yogyakarta,2022-02-16,0
1250,retail,Klaten,2021-11-13,0
1251,grosir,Bantul,2022-12-20,0
1252,korporat,Klaten,2021-04-08,1
1253,retail,Bantul,2022-11-26,0
1254,grosir,Magelang,2021-12-13,0
1255,retail,Klaten,2021-10-22,1
1256,retail,Yogyakarta,2021-07-03,1
1257,retail,Sleman,2020-12-01,1
1258,retail,Klaten,2021-10-02,0
1259,grosir,Magelang,2020-06-28,0
1260,grosir,Sleman,2020-01-24,0
1261,korporat,Solo,2020-11-08,0
1262,retail,Sleman,2023-04-19,0
1263,retail,Magelang,2020-10-07,0
1264,korporat,Solo,2020-05-05,0
1265,grosir,Yogyakarta,2023-06-24,0
1266,korporat,Solo,2020-07-15,0
1267,retail,Bantul,2021-07-24,1
1268,grosir,Bantul,2023-04-28,0
1269,retail,Bantul,2020-06-12,0
1270,retail,Solo,2021-09-10,0
1271,retail,Klaten,2022-06-12,0
1272,grosir,Bantul,2023-02-25,0
1273,retail,Yogyakarta,2021-10-02,0
1274,grosir,Klaten,2020-06-22,0
1275,retail,Magelang,2020-02-10,1
1276,retail,Solo,2023-03-08,0
1277,korporat,Bantul,2023-10-03,1
1278,retail,Bantul,2020-10-15,0
1279,retail,Solo,2023-08-17,0
1281,korporat,Yogyakarta,2021-01-02,0
1282,retail,Bantul,2021-05-01,1
1283,retail,Bantul,2023-03-12,0
1284,retail,Yogyakarta,2020-07-22,0
1285,retail,Bantul,2021-09-29,1
1286,retail,Bantul,2021-08-30,0
1287,retail,Magelang,2022-08-01,0
1288,retail,Yogyakarta,2023-08-15,0
1289,retail,Magelang,2022-07-03,1
1290,retail,Yogyakarta,2023-06-08,0
1291,retail,Sleman,2022-10-21,1
1292,korporat,Solo,2021-04-28,0
1293,korporat,Sleman,2021-09-08,0
1294,korporat,Klaten,2020-09-21,0
1295,grosir,Magelang,2020-07-24,0
1296,retail,Bantul,2021-06-22,0
1297,retail,Bantul,2023-01-31,0
1298,retail,Bantul,2022-01-01,0
1300,retail,Bantul,2022-11-24,0
1301,grosir,Solo,2021-09-10,0
1302,retail,Sleman,2021-04-11,0
1303,retail,Solo,2022-11-28,0
1304,retail,Bantul,2021-08-27,0
1305,grosir,Bantul,2022-08-17,0
1306,retail,Magelang,2020-03-29,1
1307,retail,Klaten,2023-10-16,1
1309,retail,Solo,2021-06-27,0
1310,retail,Solo,2023-06-13,0
1311,retail,Sleman,2022-06-07,0
1312,retail,Klaten,2021-08-19,0
1313,grosir,Solo,2020-04-27,0
1314,retail,Yogyakarta,2022-05-06,1
1315,grosir,Solo,2020-06-06,0
1316,retail,Sleman,2022-03-18,0
1317,retail,Magelang,2020-12-22,0
1318,retail,Sleman,2022-11-06,0
1319,retail,Magelang,2021-01-26,1
1320,retail,Klaten,2023-09-30,1
1321,retail,Magelang,2021-09-16,1
1322,retail,Yogyakarta,2021-05-04,1
1323,retail,Klaten,2020-11-16,0
1324,retail,Sleman,2021-11-16,1
1325,grosir,Klaten,2023-08-03,0
1326,retail,Solo,2020-07-04,1
1327,retail,Sleman,2021-08-22,1
1328,retail,Klaten,2021-10-16,0
1329,retail,Klaten,2021-06-19,1
1330,retail,Yogyakarta,2020-05-02,0
1331,retail,Magelang,2023-06-16,0
1332,retail,Klaten,2023-06-25,0
1333,retail,Bantul,2023-01-19,0
1334,retail,Magelang,2023-01-21,0
1335,grosir,Magelang,2022-12-14,0
1336,grosir,Sleman,2020-03-25,1
1337,korporat,Bantul,2023-07-03,0
1338,retail,Sleman,2023-06-02,0
1340,retail,Klaten,2021-09-30,1
1341,retail,Magelang,2021-03-03,0
1342,grosir,Klaten,2023-06-29,1
1343,grosir,Yogyakarta,2023-09-07,0
1344,korporat,Yogyakarta,2020-08-06,1
1345,grosir,Magelang,2020-02-08,0
1346,korporat,Klaten,2020-06-08,1
1347,retail,Sleman,2023-06-09,1
1348,retail,Klaten,2022-01-13,0
1349,retail,Yogyakarta,2021-08-10,1
1350,retail,Bantul,2021-03-12,0
1351,grosir,Yogyakarta,2021-04-17,1
1352,retail,Bantul,2023-10-07,0
1353,retail,Sleman,2021-10-26,1
1354,grosir,Solo,2020-06-06,1
1355,retail,Klaten,2021-07-13,0
1356,grosir,Solo,2020-03-14,0
1357,retail,Sleman,2023-04-19,1
1358,retail,Solo,2022-01-29,0
1359,grosir,Sleman,2023-02-02,0
1360,grosir,Magelang,2022-11-09,0
1361,retail,Magelang,2022-11-11,0
1362,retail,Solo,2020-02-06,0
1363,grosir,Bantul,2020-11-21,0
1364,retail,Magelang,2023-05-27,1
1365,retail,Solo,2021-09-07,0
1366,retail,Bantul,2021-08-01,0
1367,retail,Sleman,2020-04-15,0
1368,grosir,Klaten,2020-08-27,0
1369,retail,Magelang,2022-11-05,0
1370,korporat,Yogyakarta,2020-03-28,0
1371,retail,Bantul,2020-02-29,1
1372,retail,Klaten,2021-11-03,1
1373,retail,Solo,2021-07-08,0
1374,retail,Sleman,2023-03-28,0
1375,retail,Klaten,2020-07-30,1
1376,retail,Magelang,2023-10-26,1
1377,retail,Magelang,2023-04-07,1
1378,retail,Sleman,2021-06-07,0
1379,retail,Yogyakarta,2023-07-09,1
1381,retail,Magelang,2021-02-09,1
1382,retail,Klaten,2022-03-04,0
1383,grosir,Bantul,2023-05-06,1
1384,grosir,Yogyakarta,2020-11-17,0
1385,retail,Magelang,2020-09-06,1
1386,retail,Bantul,2023-05-19,0
1387,grosir,Solo,2022-09-22,0
1388,grosir,Bantul,2021-06-19,0
1389,grosir,Yogyakarta,2020-12-16,0
1390,retail,Magelang,2020-10-17,0
1391,retail,Yogyakarta,2021-09-15,0
1392,grosir,Bantul,2023-05-27,1
1393,grosir,Magelang,2022-05-05,0
1394,grosir,Bantul,2022-01-13,0
1395,grosir,Solo,2021-05-06,0
1396,retail,Klaten,2021-11-04,0
1397,retail,Solo,2020-10-03,1
1398,grosir,Solo,2023-03-29,1
1399,grosir,Bantul,2022-04-02,0
1400,retail,Solo,2021-08-18,0
1401,grosir,Solo,2023-01-16,1
1402,retail,Sleman,2022-03-08,1
1403,retail,Yogyakarta,2023-10-26,1
1404,retail,Magelang,2020-03-09,0
1405,retail,Yogyakarta,2021-03-27,0
1406,grosir,Solo,2022-03-15,0
1407,korporat,Klaten,2020-12-26,0
1408,grosir,Klaten,2022-04-26,0
1409,retail,Klaten,2020-04-17,1
1410,retail,Solo,2020-09-29,0
1411,korporat,Magelang,2020-10-13,0
1412,retail,Magelang,2021-12-14,0
1413,grosir,Sleman,2020-02-06,1
1414,retail,Klaten,2020-09-03,0
1415,retail,Bantul,2020-12-15,0
1416,retail,Magelang,2023-04-10,0
1417,grosir,Solo,2022-10-13,0
1418,grosir,Sleman,2021-11-01,1
1419,retail,Sleman,2020-06-09,0
1420,grosir,Solo,2023-07-31,0
1421,grosir,Bantul,2022-06-23,0
1422,retail,Solo,2022-09-30,0
1423,grosir,Klaten,2021-02-16,0
1424,retail,Sleman,2021-02-08,0
1425,korporat,Solo,2020-11-16,0
1426,retail,Magelang,2022-09-06,0
1427,retail,Sleman,2021-11-08,0
1428,retail,Klaten,2023-06-13,0
1429,grosir,Magelang,2021-09-02,1
1430,grosir,Klaten,2023-09-17,0
1431,retail,Bantul,2021-09-17,1
1432,retail,Sleman,2022-05-19,0
1433,retail,Bantul,2020-06-13,0
1434,retail,Magelang,2020-06-10,1
1435,grosir,Sleman,2022-03-01,0
1436,retail,Solo,2022-07-16,0
1437,retail,Bantul,2023-06-16,0
1438,retail,Sleman,2023-02-08,1
1439,retail,Klaten,2020-01-14,0
1440,korporat,Sleman,2020-05-22,0
1441,retail,Bantul,2020-04-23,0
1442,grosir,Yogyakarta,2021-11-10,1
1443,retail,Klaten,2022-03-31,0
1444,korporat,Yogyakarta,2020-10-22,0
1445,retail,Klaten,2021-03-21,0
1446,korporat,Solo,2021-09-29,0
1447,grosir,Solo,2020-12-18,1
1448,retail,Yogyakarta,2020-11-11,0
1449,grosir,Klaten,2023-10-15,1
1450,grosir,Bantul,2020-11-20,1
1451,retail,Bantul,2021-03-07,0
1452,grosir,Bantul,2020-06-01,1
1453,retail,Solo,2023-07-13,1
1454,retail,Sleman,2022-06-12,0
1455,grosir,Sleman,2022-05-13,0
1456,retail,Magelang,2021-05-18,0
1457,korporat,Yogyakarta,2020-02-12,0
1458,retail,Bantul,2020-05-01,1
1459,grosir,Solo,2021-01-07,0
1460,korporat,Bantul,2021-08-10,0
1461,grosir,Sleman,2020-04-16,0
1462,korporat,Sleman,2020-09-11,0
1463,retail,Yogyakarta,2022-01-23,0
1464,retail,Magelang,2022-11-20,0
1466,retail,Bantul,2022-05-02,1
1467,retail,Bantul,2020-03-14,0
1468,retail,Magelang,2022-06-27,0
1469,retail,Bantul,2020-02-09,1
1470,korporat,Magelang,2020-12-14,0
1471,retail,Solo,2020-02-11,0
1472,grosir,Solo,2020-08-12,0
1473,retail,Sleman,2021-01-17,0
1474,grosir,Magelang,2022-07-17,1
1475,grosir,Yogyakarta,2020-08-20,0
1476,retail,Sleman,2022-04-20,1
1477,retail,Sleman,2023-09-17,0
1478,retail,Klaten,2021-04-24,0
1479,retail,Solo,2022-12-21,0
1480,retail,Magelang,2022-06-01,0
1481,retail,Bantul,2023-08-07,1
1482,retail,Sleman,2021-03-26,0
1483,retail,Bantul,2022-03-22,0
1485,retail,Magelang,2023-02-23,0
1486,grosir,Sleman,2020-02-29,0
1487,retail,Solo,2022-09-19,0
1488,retail,Bantul,2020-03-03,0
1489,retail,Klaten,2021-02-12,0
1490,grosir,Bantul,2022-10-06,0
1491,grosir,Magelang,2022-07-02,0
1492,grosir,Solo,2021-07-25,0
1493,korporat,Sleman,2021-02-08,1
1494,retail,Klaten,2021-11-21,0
1495,korporat,Bantul,2021-10-11,0
1496,retail,Yogyakarta,2020-11-13,0
1498,grosir,Solo,2021-07-07,0
1501,retail,Sleman,2020-09-01,1
1502,retail,Bantul,2023-05-23,1
1503,retail,Sleman,2023-04-07,1
1504,korporat,Magelang,2020-09-29,0
1505,korporat,Sleman,2021-10-10,1
1506,retail,Klaten,2022-03-05,0
1507,grosir,Solo,2020-08-31,0
1508,korporat,Magelang,2020-01-19,0
1509,retail,Magelang,2021-03-20,1
1510,korporat,Solo,2023-05-19,0
1511,retail,Yogyakarta,2021-01-27,0
1512,retail,Klaten,2022-09-17,0
1513,retail,Bantul,2023-06-08,1
1514,retail,Bantul,2020-09-20,0
1516,grosir,Yogyakarta,2021-08-26,0
1517,retail,Solo,2023-07-12,1
1518,grosir,Sleman,2022-03-27,0
1519,korporat,Klaten,2021-10-20,1
1520,grosir,Klaten,2021-03-25,1
1521,korporat,Magelang,2023-08-08,0
1522,retail,Magelang,2020-07-03,0
1523,grosir,Sleman,2023-07-07,0
1524,retail,Bantul,2022-05-13,0
1525,grosir,Magelang,2022-03-05,1
1526,retail,Solo,2022-01-03,0
1527,grosir,Magelang,2023-01-05,1
1528,retail,Magelang,2020-10-03,0
1529,grosir,Bantul,2021-02-06,0
1530,grosir,Magelang,2020-12-05,1
1531,grosir,Sleman,2020-06-10,1
1532,grosir,Magelang,2020-02-06,0
1533,korporat,Yogyakarta,2022-04-25,0
1534,retail,Magelang,2022-05-21,0
1535,retail,Klaten,2020-03-18,1
1536,retail,Klaten,2022-05-16,1
1537,korporat,Klaten,2021-10-16,1
1538,grosir,Klaten,2021-12-21,0
1539,retail,Yogyakarta,2022-05-18,1
1540,retail,Magelang,2022-03-06,1
1541,retail,Klaten,2022-12-10,0
1542,retail,Yogyakarta,2023-09-07,1
1543,retail,Solo,2023-06-09,0
1544,grosir,Yogyakarta,2021-04-28,0
1545,retail,Yogyakarta,2020-10-12,0
1546,grosir,Sleman,2021-01-14,0
1547,retail,Yogyakarta,2023-04-26,1
1548,retail,Sleman,2021-05-12,1
1549,retail,Yogyakarta,2021-11-25,1
1550,korporat,Klaten,2020-05-23,1
1551,retail,Bantul,2022-05-21,0
1552,retail,Magelang,2021-08-31,1
1553,korporat,Bantul,2021-10-08,1
1554,retail,Magelang,2022-08-07,0
1555,grosir,Solo,2023-04-01,0
1556,retail,Bantul,2022-02-05,0
1557,grosir,Yogyakarta,2021-02-23,0
1558,retail,Magelang,2021-03-27,1
1559,retail,Sleman,2020-01-12,0
1560,grosir,Yogyakarta,2023-08-14,1
1561,korporat,Solo,2023-03-06,0
1562,korporat,Solo,2020-08-13,0
1563,grosir,Yogyakarta,2022-07-15,0
1564,korporat,Solo,2022-03-05,1
1565,korporat,Sleman,2022-09-30,0
1566,retail,Solo,2020-07-03,0
1567,retail,Bantul,2020-06-22,0
1568,grosir,Solo,2022-08-20,0
1569,retail,Yogyakarta,2020-10-15,1
1570,retail,Klaten,2022-01-22,0
1571,retail,Sleman,2022-05-25,1
1572,retail,Solo,2023-08-28,0
1573,retail,Klaten,2022-11-12,0
1574,retail,Magelang,2023-06-28,1
1575,retail,Klaten,2022-07-14,1
1576,grosir,Yogyakarta,2022-07-01,1
1577,korporat,Klaten,2022-04-14,0
1580,grosir,Sleman,2023-02-26,1
1581,grosir,Klaten,2020-07-25,0
1582,retail,Magelang,2020-03-12,0
1583,retail,Yogyakarta,2021-09-23,0
1584,retail,Bantul,2023-01-29,0
1585,grosir,Klaten,2021-04-06,1
1586,retail,Yogyakarta,2022-09-29,0
1587,grosir,Klaten,2022-10-27,0
1588,retail,Yogyakarta,2022-12-26,0
1589,retail,Sleman,2021-12-25,1
1590,retail,Yogyakarta,2023-06-09,1
1591,retail,Bantul,2022-10-05,0
1592,retail,Magelang,2022-03-22,0
1593,retail,Sleman,2022-08-30,0
1594,retail,Solo,2022-03-25,0
1595,retail,Solo,2023-06-21,1
1596,grosir,Magelang,2022-06-13,0
1597,retail,Sleman,2023-04-13,0
1598,retail,Solo,2023-04-07,1
1599,grosir,Yogyakarta,2020-03-13,0
1600,korporat,Yogyakarta,2021-02-17,0
1601,retail,Magelang,2022-07-23,0
1602,retail,Magelang,2022-07-20,0
1603,retail,Magelang,2021-06-06,0
1604,retail,Bantul,2023-03-05,0
1605,retail,Solo,2020-05-21,1
1606,retail,Sleman,2021-06-27,0
1607,retail,Magelang,2021-10-31,0
1608,retail,Bantul,2020-07-15,1
1609,retail,Bantul,2023-03-26,0
1610,grosir,Bantul,2020-03-07,1
1611,retail,Bantul,2023-01-19,0
1612,retail,Klaten,2023-06-15,0
1613,retail,Klaten,2020-05-28,0
1614,retail,Solo,2021-09-05,0
1615,retail,Klaten,2020-10-10,0
1616,retail,Solo,2023-03-31,0
1617,grosir,Solo,2022-08-30,1
1618,grosir,Solo,2021-03-10,0
1619,retail,Sleman,2023-09-17,0
1620,retail,Solo,2020-10-02,0
1621,retail,Magelang,2020-04-18,0
1622,retail,Magelang,2021-07-29,0
1623,retail,Yogyakarta,2020-05-04,0
1624,grosir,Klaten,2022-03-25,0
1625,retail,Sleman,2022-08-31,0
1626,retail,Sleman,2023-05-13,1
1627,grosir,Solo,2022-05-12,1
1628,retail,Klaten,2020-02-23,1
1630,korporat,Klaten,2021-12-06,1
1631,retail,Klaten,2020-10-04,1
1632,retail,Sleman,2022-06-11,1
1633,retail,Solo,2021-11-22,0
1634,retail,Magelang,2021-05-31,0
1635,korporat,Klaten,2023-01-26,0
1636,korporat,Solo,2022-06-02,1
1637,retail,Bantul,2021-06-19,0
1639,grosir,Magelang,2021-07-13,0
1640,retail,Klaten,2023-07-10,1
1641,grosir,Solo,2020-02-15,0
1642,retail,Yogyakarta,2021-09-02,0
1643,retail,Solo,2023-01-21,1
1644,retail,Bantul,2022-02-07,0
1645,retail,Sleman,2021-09-17,0
1646,grosir,Yogyakarta,2021-12-07,1
1647,grosir,Yogyakarta,2021-06-13,1
1648,grosir,Sleman,2023-04-17,1
1649,retail,Sleman,2022-07-06,0
1650,retail,Magelang,2023-09-12,1
1652,grosir,Yogyakarta,2023-10-07,0
1653,grosir,Magelang,2023-04-27,1
1655,korporat,Solo,2021-04-24,1
1656,retail,Klaten,2021-01-02,1
1657,grosir,Yogyakarta,2022-05-01,0
1658,retail,Sleman,2021-07-02,1
1659,retail,Yogyakarta,2021-06-26,1
1660,retail,Klaten,2022-09-19,0
1661,retail,Sleman,2023-03-20,1
1662,retail,Sleman,2023-01-19,0
1663,retail,Magelang,2023-01-16,1
1665,grosir,Magelang,2022-07-15,1
1666,retail,Sleman,2020-06-02,1
1667,retail,Bantul,2023-02-26,1
1668,retail,Sleman,2023-01-28,0
1669,retail,Klaten,2021-12-14,0
1670,grosir,Solo,2021-03-26,0
1671,korporat,Solo,2022-03-10,0
1672,retail,Solo,2023-01-29,1
1674,grosir,Klaten,2021-01-08,1
1675,retail,Yogyakarta,2022-09-18,0
1676,retail,Klaten,2022-07-18,0
1677,grosir,Magelang,2021-02-07,0
1679,korporat,Magelang,2022-02-25,1
1680,retail,Bantul,2021-04-17,0
1681,grosir,Solo,2020-01-03,0
1682,grosir,Solo,2023-04-13,1
1683,retail,Bantul,2021-07-10,0
1684,grosir,Magelang,2021-12-04,0
1685,retail,Yogyakarta,2022-05-12,1
1686,retail,Klaten,2023-06-19,0
1687,retail,Bantul,2022-06-02,1
1688,retail,Magelang,2022-08-18,1
1689,grosir,Bantul,2022-02-28,0
1690,retail,Yogyakarta,2022-04-17,1
1691,grosir,Bantul,2020-12-18,0
1692,retail,Solo,2022-01-29,0
1693,grosir,Magelang,2022-07-05,0
1694,retail,Solo,2021-04-20,1
1695,retail,Klaten,2022-07-14,0
1696,retail,Bantul,2022-07-30,0
1697,retail,Magelang,2022-04-05,0
1698,retail,Magelang,2022-12-07,0
1699,retail,Klaten,2021-06-11,1
1700,grosir,Yogyakarta,2021-06-13,0
1701,retail,Yogyakarta,2020-07-31,1
1702,grosir,Bantul,2022-09-14,0
1703,retail,Yogyakarta,2022-02-18,1
1704,grosir,Bantul,2021-12-02,1
1705,retail,Bantul,2020-03-13,1
1706,grosir,Magelang,2022-04-14,1
1707,korporat,Solo,2023-07-06,1
1708,grosir,Klaten,2020-03-15,0
1709,retail,Klaten,2021-05-08,0
1710,retail,Magelang,2021-09-30,0
1711,korporat,Magelang,2021-01-31,0
1712,grosir,Bantul,2020-08-03,0
1713,grosir,Klaten,2021-09-22,1
1714,retail,Yogyakarta,2023-10-29,0
1715,retail,Magelang,2020-05-25,0
1716,grosir,Magelang,2020-09-04,0
1717,retail,Solo,2023-05-22,0
1718,grosir,Solo,2023-06-12,1
1719,retail,Magelang,2023-10-03,1
1720,retail,Yogyakarta,2020-05-13,1
1721,retail,Solo,2023-02-26,0
1722,retail,Klaten,2022-05-14,1
1723,grosir,Solo,2022-03-14,0
1724,grosir,Sleman,2023-04-02,1
1725,retail,Magelang,2023-08-10,0
1726,retail,Yogyakarta,2023-03-02,0
1727,grosir,Magelang,2021-04-07,0
1728,retail,Bantul,2022-06-28,0
1729,retail,Yogyakarta,2021-10-13,0
1730,grosir,Klaten,2021-10-26,0
1731,retail,Yogyakarta,2020-08-28,0
1732,retail,Bantul,2021-09-30,1
1733,korporat,Solo,2021-08-17,0
1734,grosir,Sleman,2020-01-26,0
1735,retail,Sleman,2023-07-22,1
1736,retail,Klaten,2021-08-31,1
1737,retail,Sleman,2022-07-17,0
1738,retail,Sleman,2020-05-27,0
1739,retail,Yogyakarta,2022-02-02,0
1740,retail,Sleman,2022-06-14,1
1741,retail,Klaten,2022-01-20,0
1742,retail,Sleman,2021-12-03,0
1744,grosir,Solo,2023-03-19,0
1745,retail,Magelang,2022-05-03,1
1746,retail,Sleman,2020-01-03,0
1747,grosir,Sleman,2021-09-25,1
1748,retail,Yogyakarta,2021-08-06,1
1749,retail,Magelang,2021-12-16,0
1750,retail,Klaten,2022-09-15,0
1751,retail,Solo,2020-05-21,0
1753,retail,Magelang,2021-09-12,0
1754,retail,Yogyakarta,2021-12-26,0
1755,retail,Bantul,2022-08-02,0
1756,grosir,Magelang,2021-11-30,1
1757,retail,Klaten,2020-11-08,1
1758,grosir,Solo,2021-08-17,0
1759,retail,Solo,2021-01-22,0
1760,retail,Bantul,2020-06-20,1
1761,retail,Magelang,2023-01-31,0
1762,retail,Solo,2022-03-04,1
1763,retail,Sleman,2020-07-09,0
1764,retail,Solo,2021-01-30,0
1765,grosir,Yogyakarta,2020-09-30,0
1766,retail,Bantul,2021-12-01,0
1767,grosir,Solo,2023-02-19,0
1768,retail,Klaten,2022-06-12,1
1769,retail,Klaten,2020-06-18,0
1770,retail,Klaten,2022-10-21,0
1771,grosir,Yogyakarta,2021-02-24,1
1772,retail,Sleman,2022-10-23,0
1773,retail,Klaten,2023-06-28,0
1774,retail,Bantul,2021-12-11,1
1775,korporat,Klaten,2021-08-01,1
1776,grosir,Magelang,2023-10-20,0
1777,korporat,Sleman,2023-02-18,1
1778,retail,Sleman,2022-11-19,0
1779,grosir,Solo,2022-12-06,0
1780,retail,Klaten,2022-03-14,0
1781,retail,Sleman,2020-01-28,0
1782,grosir,Klaten,2022-04-05,0
1784,retail,Magelang,2023-08-05,0
1785,grosir,Sleman,2023-06-30,0
1786,retail,Solo,2023-05-02,1
1787,retail,Bantul,2021-03-25,1
1788,retail,Solo,2023-04-11,0
1789,retail,Solo,2021-07-19,1
1790,retail,Yogyakarta,2022-02-01,1
1791,grosir,Klaten,2023-08-01,0
1792,retail,Bantul,2022-01-15,1
1793,retail,Yogyakarta,2020-06-02,0
1794,retail,Klaten,2022-10-26,0
1795,retail,Bantul,2023-09-22,1
1796,retail,Bantul,2021-01-03,0
1797,retail,Yogyakarta,2022-06-24,0
1798,retail,Bantul,2022-01-23,0
1799,retail,Magelang,2022-05-29,0
