luas_bangunan,luas_tanah,kamar_tidur,kamar_mandi,umur_bangunan,jarak_pusat_km,kecamatan,sertifikat,harga
109,186,3,1,6,3.2,Sewon,Girik,1289.8
84,76,3,2,34,8.2,Sewon,SHM,511.1
141,296,4,3,19,4.6,Sewon,HGB,1165.8
196,264,7,3,19,12.8,Gamping,SHM,1212.7
104,201,4,2,24,5.9,Sewon,SHM,808.8
75,182,3,3,38,3.1,Sewon,Girik,537.0
137,350,3,1,21,7.9,Ngaglik,HGB,1143.1
109,137,3,2,16,18.2,Sewon,HGB,530.9
94,217,3,2,5,1.8,Kasihan,SHM,1623.6
156,253,6,3,20,0.8,Sewon,SHM,1981.9
117,144,3,2,9,6.1,Gamping,SHM,965.8
182,455,6,3,17,7.4,Ngaglik,SHM,2060.0
82,170,1,1,0,9.1,Ngaglik,SHM,534.7
61,137,3,1,38,11.7,Kasihan,SHM,484.0
44,73,1,2,30,6.0,Ngaglik,SHM,357.0
183,186,7,3,33,4.0,Kasihan,SHM,1631.7
79,173,1,1,20,5.4,Gamping,SHM,901.8
68,100,2,1,13,1.6,Kasihan,SHM,555.9
181,233,6,3,29,4.3,Umbulharjo,HGB,1412.1
124,185,4,2,32,5.2,Depok,SHM,1706.2
71,142,3,3,22,8.4,Ngaglik,SHM,495.1
85,88,2,1,33,6.2,Mlati,Girik,599.6
53,106,3,2,31,3.2,Kasihan,Girik,366.1
74,97,1,1,23,5.7,Gamping,HGB,465.2
74,130,3,2,16,2.1,Kasihan,SHM,965.9
87,212,2,1,23,7.3,Mlati,Girik,803.5
109,139,2,2,38,4.6,Sewon,SHM,925.8
72,185,4,2,0,2.6,Sewon,HGB,758.9
135,260,4,3,32,5.3,Mlati,HGB,1128.3
146,334,5,2,31,14.2,Sewon,HGB,624.4
62,128,1,1,17,5.2,Ngaglik,HGB,747.1
44,91,1,1,5,11.8,Depok,HGB,508.8
82,164,3,2,3,4.5,Ngaglik,Girik,647.2
48,102,1,1,21,5.5,Depok,SHM,609.6
36,43,1,1,36,2.6,Depok,SHM,318.4
96,102,3,1,35,5.4,Ngaglik,SHM,1274.0
92,181,3,2,4,5.1,Sewon,SHM,888.5
67,129,3,1,31,12.5,Kasihan,SHM,453.8
85,178,3,1,21,6.0,Umbulharjo,Girik,554.2
62,84,2,1,0,5.9,Gamping,SHM,446.2
103,147,4,3,30,9.5,Kasihan,SHM,726.0
37,63,1,1,23,4.2,Ngaglik,SHM,380.6
97,246,3,2,22,2.8,Mlati,SHM,1501.6
67,120,1,1,19,1.8,Sewon,SHM,412.0
66,154,3,2,12,3.9,Umbulharjo,SHM,685.3
85,131,1,1,35,5.6,Sewon,HGB,655.5
48,92,1,2,7,7.2,Ngaglik,SHM,357.3
79,189,1,1,9,2.7,Gamping,SHM,958.9
103,226,5,3,20,8.0,Sewon,SHM,935.4
95,164,4,1,32,5.4,Mlati,SHM,839.6
69,103,2,1,36,4.0,Mlati,SHM,512.7
115,296,4,1,5,11.7,Umbulharjo,HGB,934.6
30,34,1,1,31,5.0,Mlati,SHM,264.0
97,244,3,1,15,1.6,Kasihan,SHM,1041.9
175,283,6,3,39,24.0,Depok,SHM,855.4
45,77,1,1,7,8.4,Sewon,SHM,293.6
107,223,4,2,11,1.6,Gamping,SHM,1007.4
43,97,1,1,13,6.7,Depok,SHM,512.4
158,187,5,2,17,5.6,Umbulharjo,SHM,1413.4
75,124,2,1,32,4.0,Mlati,HGB,520.2
161,301,4,3,3,1.4,Mlati,Girik,1637.2
160,392,5,3,26,2.5,Ngaglik,SHM,1833.9
132,336,4,4,11,9.0,Depok,HGB,2046.2
54,98,3,1,24,4.1,Ngaglik,SHM,452.0
108,183,2,1,34,7.3,Mlati,SHM,1041.0
79,111,2,1,15,4.6,Kasihan,SHM,690.5
74,120,1,1,2,7.5,Ngaglik,HGB,711.0
72,75,1,1,38,4.4,Kasihan,HGB,403.6
63,146,3,1,24,10.4,Mlati,HGB,425.1
84,130,3,3,21,5.1,Ngaglik,SHM,743.4
86,189,3,1,13,7.2,Sewon,SHM,792.1
151,381,5,3,23,12.8,Kasihan,SHM,1641.1
105,160,3,1,27,9.5,Gamping,SHM,1028.0
121,137,4,2,11,8.2,Umbulharjo,SHM,963.0
56,116,2,2,17,7.8,Mlati,SHM,631.5
157,199,6,3,26,4.2,Sewon,SHM,1337.5
91,127,3,2,8,4.6,Kasihan,SHM,666.8
111,217,3,2,38,11.7,Mlati,SHM,817.5
62,131,4,2,25,3.0,Umbulharjo,SHM,724.0
160,360,5,3,9,7.9,Depok,SHM,2093.4
171,335,5,3,25,5.1,Depok,SHM,2074.3
52,63,1,1,38,4.0,Kasihan,HGB,357.7
108,154,3,1,32,2.3,Ngaglik,SHM,1338.4
88,148,3,1,39,9.2,Gamping,HGB,527.7
92,152,3,3,1,3.9,Ngaglik,SHM,1084.7
45,81,2,1,35,9.2,Gamping,HGB,289.6
57,99,3,1,3,9.2,Sewon,SHM,405.7
188,402,6,3,23,1.9,Umbulharjo,SHM,3291.6
96,227,3,2,21,5.2,Kasihan,SHM,779.6
232,528,7,5,21,8.7,Mlati,SHM,2079.7
119,228,4,2,31,10.8,Gamping,SHM,877.0
84,141,2,1,26,6.2,Depok,SHM,897.4
78,110,3,2,28,7.3,Ngaglik,SHM,621.2
100,200,2,1,8,1.8,Sewon,SHM,1041.8
120,220,4,3,1,5.4,Kasihan,SHM,1093.7
95,219,3,1,2,3.9,Umbulharjo,SHM,895.2
113,216,4,2,34,6.6,Gamping,HGB,880.9
135,212,4,3,29,3.3,Sewon,SHM,851.3
52,58,1,1,0,2.8,Depok,SHM,679.3
70,97,3,2,29,4.4,Kasihan,HGB,564.7
70,92,2,1,2,2.7,Ngaglik,SHM,823.6
90,204,3,2,17,4.7,Mlati,SHM,856.2
171,373,5,4,22,7.7,Ngaglik,Girik,916.0
75,184,2,1,31,7.5,Depok,SHM,923.7
112,151,3,1,11,4.8,Sewon,SHM,1180.2
166,323,5,2,9,8.2,Ngaglik,SHM,1875.1
39,71,1,1,26,8.5,Sewon,SHM,278.1
70,65,2,1,19,6.0,Kasihan,SHM,455.9
110,172,3,1,1,2.1,Umbulharjo,SHM,1429.6
88,172,3,1,14,11.2,Ngaglik,SHM,943.9
79,83,2,1,6,12.0,Mlati,SHM,350.3
65,137,1,1,39,4.7,Depok,Girik,525.7
81,100,3,2,10,4.4,Umbulharjo,HGB,714.7
74,177,3,1,36,6.9,Gamping,HGB,424.1
87,198,3,2,38,8.4,Ngaglik,SHM,722.8
90,101,3,2,3,5.2,Gamping,SHM,636.3
127,282,2,1,5,6.0,Mlati,SHM,1219.6
99,257,2,1,21,2.7,Sewon,HGB,1281.9
137,351,4,2,36,5.6,Ngaglik,SHM,1089.8
73,83,4,3,11,6.7,Mlati,SHM,795.6
148,154,6,3,18,3.7,Kasihan,SHM,1490.6
92,88,2,1,35,1.4,Sewon,SHM,539.6
176,246,4,3,23,3.3,Kasihan,SHM,1968.2
113,182,3,1,27,5.1,Umbulharjo,HGB,1156.3
81,115,2,1,19,5.5,Sewon,SHM,679.1
92,196,2,1,26,7.4,Kasihan,Girik,605.1
258,429,7,4,18,9.3,Ngaglik,Girik,2002.9
45,63,1,1,22,5.9,Sewon,HGB,226.7
77,188,3,2,8,8.7,Gamping,Girik,390.3
98,121,3,2,4,3.7,Depok,SHM,1293.5
143,353,4,3,36,6.5,Depok,SHM,1465.0
105,125,3,2,9,10.5,Kasihan,SHM,861.9
91,230,3,2,9,9.5,Ngaglik,SHM,765.0
64,137,3,1,9,3.8,Gamping,SHM,677.9
78,125,3,1,36,5.7,Sewon,SHM,620.4
209,201,7,4,2,8.6,Umbulharjo,HGB,1572.5
46,55,3,2,18,1.7,Umbulharjo,SHM,429.9
57,55,1,1,22,6.3,Depok,SHM,435.3
54,94,2,1,33,5.0,Gamping,HGB,420.6
82,112,3,2,12,6.4,Kasihan,SHM,742.1
102,115,3,1,34,5.2,Ngaglik,SHM,768.9
131,168,3,2,25,10.7,Umbulharjo,SHM,910.2
76,90,4,2,30,4.0,Umbulharjo,HGB,647.8
40,39,1,1,15,5.7,Umbulharjo,SHM,361.4
48,120,3,2,20,2.7,Gamping,SHM,436.0
81,99,3,2,34,4.2,Gamping,SHM,577.7
36,54,2,1,0,10.8,Ngaglik,SHM,358.3
115,250,4,2,39,13.8,Ngaglik,SHM,812.6
67,110,1,1,28,3.3,Depok,SHM,572.7
46,42,2,1,21,1.9,Mlati,SHM,349.0
80,157,3,2,14,1.2,Kasihan,SHM,830.8
91,187,2,2,34,6.8,Mlati,SHM,752.1
105,216,4,2,12,3.5,Umbulharjo,HGB,1363.0
167,274,6,3,26,2.8,Ngaglik,SHM,1820.9
156,202,5,3,33,5.4,Gamping,HGB,848.7
61,87,3,2,30,8.8,Sewon,SHM,382.2
81,209,3,2,21,3.7,Gamping,SHM,892.6
51,119,1,1,36,5.9,Sewon,Girik,412.6
125,143,4,3,38,7.0,Gamping,SHM,604.2
85,89,3,3,3,7.3,Sewon,HGB,587.8
97,125,4,2,6,4.7,Umbulharjo,SHM,715.8
100,256,4,1,8,15.7,Kasihan,HGB,757.3
99,232,2,2,13,11.6,Depok,HGB,871.4
40,90,1,1,35,8.2,Mlati,HGB,295.8
117,128,5,2,38,6.6,Depok,SHM,1346.2
101,171,2,2,21,3.5,Gamping,Girik,571.2
106,245,3,2,10,5.4,Sewon,SHM,1037.5
148,213,6,2,10,4.3,Kasihan,HGB,1482.3
64,140,2,1,25,6.8,Umbulharjo,HGB,513.7
35,37,2,1,11,3.3,Gamping,HGB,316.6
101,169,3,2,38,4.8,Kasihan,HGB,672.7
63,83,2,1,35,6.6,Mlati,SHM,616.6
74,100,2,1,18,11.9,Kasihan,SHM,528.1
85,94,4,2,2,8.0,Depok,SHM,625.5
94,120,4,3,19,3.3,Depok,HGB,1077.4
112,111,4,3,39,5.4,Umbulharjo,SHM,779.9
92,142,2,2,28,4.7,Kasihan,SHM,799.4
59,62,3,2,4,5.3,Kasihan,SHM,416.7
157,230,5,4,21,4.8,Ngaglik,SHM,2310.1
95,202,3,3,6,4.3,Kasihan,SHM,851.0
71,154,3,1,4,13.9,Ngaglik,SHM,707.9
83,152,2,1,36,3.7,Umbulharjo,SHM,699.0
132,159,4,2,11,9.7,Mlati,SHM,997.9
71,102,1,1,33,4.2,Sewon,SHM,488.9
48,114,1,1,0,10.0,Umbulharjo,SHM,461.8
148,273,5,3,3,12.7,Depok,SHM,2500.2
77,146,3,2,5,4.2,Umbulharjo,SHM,810.2
89,98,4,2,38,1.3,Ngaglik,SHM,955.3
59,98,2,1,26,6.1,Depok,SHM,856.2
52,94,2,1,1,7.8,Sewon,SHM,631.8
68,92,3,1,25,5.1,Kasihan,SHM,460.7
63,121,2,1,5,2.9,Mlati,SHM,858.5
135,258,4,2,6,3.6,Mlati,SHM,1899.0
83,176,2,1,22,3.8,Umbulharjo,SHM,930.2
143,184,4,2,18,6.2,Ngaglik,SHM,2055.9
156,331,5,3,35,9.2,Mlati,SHM,1241.4
82,170,1,1,19,11.4,Kasihan,SHM,636.1
29,34,2,2,9,5.2,Mlati,SHM,355.6
75,131,3,2,8,9.6,Mlati,SHM,1059.9
117,227,4,2,34,2.6,Umbulharjo,SHM,1182.6
68,121,2,1,0,7.0,Kasihan,HGB,799.8
150,209,6,3,12,7.1,Sewon,HGB,1126.4
105,252,3,2,9,11.3,Sewon,SHM,1110.2
114,246,4,3,12,5.8,Sewon,Girik,698.5
104,265,2,1,8,12.8,Umbulharjo,HGB,981.0
30,67,1,1,21,3.0,Kasihan,HGB,320.7
53,120,2,2,4,3.2,Umbulharjo,SHM,851.2
143,259,5,3,23,7.5,Depok,SHM,1227.6
174,442,5,3,3,16.9,Mlati,SHM,1640.8
58,80,1,1,13,11.5,Mlati,SHM,426.1
106,154,4,2,38,2.5,Sewon,Girik,620.8
112,185,4,3,21,10.0,Ngaglik,SHM,835.6
78,149,2,2,17,3.2,Sewon,HGB,867.4
64,146,2,2,22,3.8,Ngaglik,HGB,437.9
59,61,1,1,23,5.4,Depok,SHM,540.7
94,121,4,1,27,14.2,Umbulharjo,SHM,479.7
87,151,3,1,15,2.5,Kasihan,SHM,1027.5
147,278,5,2,33,4.9,Ngaglik,SHM,1317.1
145,325,5,3,4,9.9,Mlati,SHM,1640.1
109,197,2,1,10,5.3,Kasihan,SHM,731.7
84,106,3,2,13,11.0,Sewon,SHM,665.4
47,48,2,1,10,7.3,Ngaglik,SHM,517.3
92,171,3,2,13,2.3,Depok,SHM,1625.2
116,147,3,2,9,6.4,Ngaglik,Girik,664.0
92,108,2,2,4,3.1,Ngaglik,SHM,983.1
73,110,2,1,20,4.0,Sewon,SHM,754.9
118,133,4,2,15,2.0,Mlati,SHM,1126.7
119,213,4,2,26,8.0,Gamping,SHM,1012.1
192,220,5,3,34,1.9,Sewon,SHM,1867.5
103,127,4,2,1,9.6,Gamping,HGB,797.6
88,170,2,1,8,3.8,Depok,HGB,783.1
64,154,2,1,5,1.3,Depok,HGB,911.6
76,175,2,1,35,7.0,Depok,SHM,1094.4
38,40,1,1,21,2.6,Kasihan,HGB,330.9
135,211,3,2,16,3.7,Kasihan,SHM,1346.6
96,178,4,2,5,3.8,Umbulharjo,SHM,1432.1
115,166,4,3,2,4.7,Depok,SHM,1158.2
55,51,3,2,34,4.6,Sewon,SHM,358.1
67,77,3,2,30,5.1,Gamping,SHM,571.7
93,232,2,1,31,2.9,Kasihan,SHM,638.2
92,214,3,2,3,5.8,Sewon,SHM,1236.8
76,141,2,1,3,5.3,Mlati,SHM,595.5
38,39,2,1,32,2.5,Sewon,HGB,334.3
69,130,3,1,0,4.6,Sewon,SHM,1079.3
68,97,3,1,36,6.4,Kasihan,SHM,542.0
61,129,1,1,3,6.1,Kasihan,Girik,410.8
99,133,3,2,21,7.7,Depok,HGB,812.3
120,141,3,1,28,3.6,Umbulharjo,SHM,899.4
61,127,2,1,35,1.6,Gamping,SHM,526.2
46,111,1,1,24,9.2,Depok,SHM,659.4
73,99,2,1,35,2.4,Depok,HGB,592.4
101,195,4,3,37,2.2,Gamping,SHM,1092.9
120,274,4,2,33,6.8,Depok,Girik,829.8
160,338,5,3,7,6.4,Umbulharjo,SHM,1876.0
82,182,3,1,31,4.1,Gamping,SHM,868.4
51,98,1,1,32,4.7,Mlati,SHM,295.5
127,216,4,2,8,6.2,Ngaglik,HGB,981.5
91,191,4,2,3,3.9,Umbulharjo,HGB,1455.5
101,98,5,2,7,4.6,Sewon,HGB,736.1
83,172,2,1,13,1.3,Mlati,SHM,1017.6
36,51,1,1,8,3.4,Sewon,SHM,294.3
112,253,4,2,8,8.4,Ngaglik,SHM,1344.3
67,120,2,1,34,0.8,Gamping,SHM,627.3
53,70,2,1,18,5.4,Sewon,HGB,463.2
109,100,4,3,17,4.8,Kasihan,SHM,1117.8
96,87,2,1,39,10.3,Ngaglik,SHM,758.0
127,221,4,2,16,2.3,Mlati,SHM,1242.2
94,226,3,3,20,7.2,Depok,SHM,836.9
50,115,1,1,34,4.4,Sewon,HGB,424.0
161,348,5,3,29,12.5,Sewon,SHM,1087.4
147,194,4,2,29,4.2,Gamping,HGB,1302.6
68,156,3,1,24,7.5,Umbulharjo,Girik,445.6
117,186,3,2,13,6.9,Kasihan,SHM,1261.8
108,153,4,2,36,1.8,Kasihan,SHM,1071.1
36,67,2,2,21,14.4,Gamping,SHM,203.4
102,111,2,2,7,9.4,Umbulharjo,SHM,858.3
99,202,4,2,0,2.3,Depok,SHM,1597.8
53,96,2,1,7,9.0,Mlati,SHM,674.8
107,169,2,2,9,6.1,Umbulharjo,SHM,1194.5
103,240,4,2,32,16.8,Gamping,SHM,775.3
75,136,1,1,16,3.7,Umbulharjo,SHM,896.0
34,40,1,1,14,6.7,Gamping,Girik,317.9
157,214,5,3,7,5.9,Gamping,SHM,1326.9
88,213,2,1,23,6.0,Depok,Girik,1094.2
132,217,4,3,28,4.7,Gamping,Girik,940.8
80,83,3,2,13,8.3,Depok,SHM,838.8
149,370,5,3,15,4.6,Mlati,SHM,1688.0
87,164,2,2,25,7.1,Umbulharjo,HGB,642.6
65,97,2,1,37,4.3,Kasihan,HGB,347.7
64,150,2,1,2,5.1,Umbulharjo,SHM,730.6
109,222,2,1,14,4.2,Mlati,HGB,1304.4
208,349,7,3,22,3.0,Mlati,SHM,1706.1
72,71,3,2,34,5.3,Sewon,SHM,759.2
97,158,2,1,1,6.7,Depok,SHM,902.4
113,259,3,1,20,2.7,Gamping,SHM,1040.8
60,111,2,1,20,4.3,Mlati,SHM,551.0
104,270,3,1,16,5.1,Umbulharjo,SHM,847.2
171,341,4,1,14,4.1,Kasihan,SHM,1458.2
86,183,3,1,23,5.0,Depok,HGB,1412.6
56,118,1,1,30,3.9,Mlati,Girik,545.7
68,86,2,2,25,1.9,Ngaglik,HGB,666.3
77,147,2,1,18,6.3,Mlati,SHM,767.1
63,106,1,1,29,13.4,Sewon,SHM,286.4
75,147,2,1,33,5.9,Gamping,SHM,714.3
104,94,4,1,34,13.9,Umbulharjo,SHM,618.3
42,84,2,2,22,4.1,Kasihan,HGB,413.5
80,80,1,1,39,5.0,Ngaglik,SHM,543.6
105,237,3,2,4,5.3,Depok,SHM,1112.8
116,105,5,3,14,2.0,Sewon,SHM,1021.9
63,78,1,1,19,12.6,Depok,HGB,365.2
73,100,4,1,14,5.2,Sewon,SHM,506.7
109,184,3,2,10,4.4,Kasihan,HGB,791.2
70,93,3,1,29,5.5,Ngaglik,HGB,526.0
168,378,6,4,26,3.1,Umbulharjo,SHM,1902.5
99,124,3,1,1,3.0,Mlati,SHM,1135.8
76,181,2,2,2,2.1,Mlati,SHM,936.9
41,92,1,1,24,1.7,Kasihan,SHM,409.0
62,76,1,1,29,15.3,Sewon,SHM,314.9
62,105,2,1,32,5.6,Sewon,SHM,538.2
61,91,2,1,15,15.8,Ngaglik,SHM,303.8
82,101,3,1,4,6.0,Umbulharjo,SHM,719.2
96,245,3,2,31,3.9,Depok,SHM,1487.9
32,78,1,1,13,0.6,Depok,SHM,704.8
96,94,4,1,2,9.0,Depok,SHM,1140.5
175,216,5,2,1,6.5,Gamping,SHM,2105.5
68,172,2,1,20,4.0,Ngaglik,SHM,668.9
114,138,3,1,9,5.8,Depok,SHM,1530.0
88,164,2,2,35,7.2,Mlati,HGB,819.5
68,117,1,1,32,8.9,Mlati,SHM,477.9
113,226,4,3,3,9.7,Ngaglik,Girik,762.7
100,99,2,1,0,7.4,Gamping,SHM,551.7
135,307,5,3,12,6.6,Ngaglik,HGB,1150.6
92,122,3,2,30,7.2,Kasihan,SHM,635.1
88,155,2,1,0,4.9,Sewon,SHM,635.1
83,202,2,1,24,9.3,Mlati,HGB,463.4
139,252,3,1,8,10.7,Kasihan,SHM,818.8
63,148,1,1,2,10.8,Ngaglik,HGB,569.7
102,237,4,2,1,4.5,Kasihan,HGB,1052.3
63,145,2,1,17,2.2,Kasihan,SHM,480.2
93,110,3,1,39,9.2,Mlati,SHM,538.6
70,79,3,1,29,2.6,Gamping,SHM,471.7
93,192,3,1,11,4.2,Gamping,SHM,958.0
97,123,4,2,9,4.9,Gamping,SHM,869.3
127,282,4,2,35,3.6,Kasihan,SHM,1036.0
66,118,4,2,28,10.0,Ngaglik,HGB,553.0
118,136,4,2,21,4.9,Sewon,HGB,719.2
96,137,2,1,28,5.9,Kasihan,SHM,611.3
87,211,3,2,19,10.9,Sewon,SHM,715.9
109,146,3,3,27,9.7,Sewon,SHM,928.3
120,150,5,3,14,2.6,Mlati,Girik,726.3
92,106,2,2,15,2.8,Sewon,SHM,560.1
207,370,5,3,2,3.9,Ngaglik,HGB,2827.8
86,197,3,2,9,10.2,Gamping,SHM,747.2
170,410,5,2,37,1.9,Kasihan,Girik,1385.5
80,174,1,1,30,5.4,Gamping,SHM,671.3
61,140,1,1,19,8.1,Ngaglik,HGB,468.6
77,200,3,2,38,4.2,Ngaglik,HGB,713.1
126,161,3,3,19,4.0,Umbulharjo,Girik,919.9
194,444,6,4,16,5.5,Ngaglik,SHM,2228.7
69,131,3,2,6,7.2,Depok,SHM,869.7
120,306,3,1,14,9.9,Kasihan,SHM,1440.5
55,70,1,1,22,6.0,Gamping,HGB,335.2
146,214,4,2,7,6.8,Depok,SHM,1665.0
150,232,5,3,34,10.1,Kasihan,SHM,1026.7
88,84,3,3,28,4.7,Sewon,SHM,531.5
128,141,4,2,7,2.9,Mlati,HGB,1567.0
91,140,3,1,16,3.9,Ngaglik,SHM,872.9
75,161,3,2,20,6.2,Mlati,HGB,981.1
101,170,4,2,14,2.7,Mlati,SHM,1376.6
71,86,1,1,30,1.1,Gamping,SHM,460.4
112,155,4,3,27,2.6,Gamping,SHM,1059.8
175,327,6,3,12,7.2,Kasihan,HGB,1979.4
82,153,3,1,30,18.8,Depok,SHM,487.9
90,84,3,1,10,4.0,Depok,SHM,910.9
120,153,6,3,0,8.1,Mlati,SHM,1293.5
96,106,3,1,37,1.5,Kasihan,SHM,1033.1
59,74,2,1,34,9.5,Sewon,SHM,344.3
51,78,3,1,39,4.2,Gamping,SHM,439.1
66,71,2,1,0,3.0,Umbulharjo,SHM,720.8
107,128,1,1,3,12.2,Ngaglik,SHM,845.0
98,166,3,1,25,4.1,Gamping,Girik,694.7
33,73,1,1,37,7.8,Ngaglik,HGB,273.4
78,151,3,1,32,1.9,Mlati,HGB,746.6
64,161,2,1,36,3.7,Kasihan,SHM,580.1
123,314,5,3,0,2.8,Mlati,SHM,1592.1
121,296,3,2,23,4.3,Kasihan,SHM,1469.0
59,114,1,1,31,10.4,Kasihan,SHM,335.7
154,357,4,2,7,3.0,Kasihan,SHM,1647.2
115,220,4,2,38,3.3,Sewon,Girik,823.6
51,112,1,1,9,3.3,Gamping,SHM,487.3
159,297,6,4,4,1.9,Depok,SHM,2737.7
153,148,5,3,19,5.9,Umbulharjo,HGB,1255.3
51,64,1,1,31,12.1,Depok,SHM,469.0
47,85,1,1,37,5.3,Ngaglik,SHM,427.8
150,163,7,4,2,8.1,Gamping,SHM,764.1
105,107,4,2,10,5.3,Gamping,SHM,898.6
129,324,4,2,23,2.9,Kasihan,HGB,968.0
75,90,2,1,27,15.3,Ngaglik,SHM,390.9
81,151,2,1,8,4.0,Mlati,SHM,895.3
134,168,3,2,5,11.3,Umbulharjo,Girik,643.4
65,130,2,1,7,5.3,Depok,Girik,714.6
36,67,2,1,27,3.6,Sewon,SHM,388.5
56,129,1,1,37,3.9,Depok,HGB,690.9
80,175,1,1,39,12.4,Sewon,HGB,400.4
118,119,4,1,1,3.7,Mlati,HGB,984.2
97,224,3,2,6,4.0,Ngaglik,SHM,1130.1
75,82,3,1,7,4.9,Umbulharjo,SHM,761.1
163,186,6,4,6,3.4,Depok,SHM,1714.3
145,244,5,3,34,2.2,Ngaglik,SHM,1252.9
85,169,3,2,19,4.4,Depok,SHM,1187.0
142,301,5,3,15,1.0,Gamping,SHM,1260.7
51,92,2,1,30,8.0,Sewon,SHM,384.9
67,119,2,1,19,1.6,Umbulharjo,HGB,437.4
107,193,3,2,15,11.0,Umbulharjo,SHM,784.0
67,170,3,2,25,12.3,Mlati,HGB,535.3
176,224,6,3,19,2.1,Umbulharjo,SHM,2134.0
89,190,1,1,36,11.4,Kasihan,SHM,521.6
96,145,3,1,31,11.8,Ngaglik,SHM,726.1
109,196,2,1,11,0.7,Umbulharjo,HGB,827.7
82,116,1,1,28,1.0,Kasihan,SHM,719.5
201,262,7,4,23,5.3,Ngaglik,SHM,2414.1
144,132,4,3,2,3.1,Mlati,SHM,1386.5
313,390,7,4,15,7.3,Ngaglik,HGB,3411.4
59,149,1,1,1,9.1,Umbulharjo,SHM,729.7
107,144,4,1,19,0.5,Gamping,Girik,769.0
88,161,3,2,17,10.8,Ngaglik,SHM,777.1
78,185,1,1,23,5.0,Ngaglik,SHM,688.1
47,100,2,1,24,5.9,Kasihan,SHM,391.2
83,189,3,1,9,6.5,Depok,SHM,953.7
144,177,5,4,39,5.7,Depok,HGB,1343.4
49,94,1,1,13,5.7,Ngaglik,SHM,509.2
143,201,5,4,3,13.5,Mlati,SHM,1155.5
118,187,2,1,5,5.7,Umbulharjo,HGB,1119.8
188,374,6,4,38,4.2,Mlati,SHM,1840.9
116,204,2,1,35,7.0,Mlati,SHM,1014.8
89,92,2,2,18,1.9,Umbulharjo,SHM,691.7
78,76,4,2,33,13.6,Ngaglik,HGB,535.7
89,210,4,2,24,1.1,Sewon,SHM,977.2
199,456,7,5,12,5.3,Umbulharjo,SHM,2228.1
164,224,6,4,21,8.9,Depok,SHM,1887.4
92,188,3,2,38,1.0,Mlati,SHM,905.0
120,257,5,3,23,9.1,Kasihan,SHM,1381.0
100,161,3,2,14,6.2,Kasihan,SHM,822.8
99,158,2,1,6,13.8,Sewon,HGB,571.5
93,159,2,1,35,12.0,Kasihan,HGB,598.1
28,40,1,1,15,3.8,Mlati,SHM,382.3
88,204,3,2,6,3.2,Ngaglik,SHM,1384.8
62,61,2,1,8,7.1,Ngaglik,SHM,432.1
54,83,1,1,3,2.0,Sewon,HGB,470.0
91,158,3,2,12,1.5,Umbulharjo,SHM,1524.4
67,99,3,2,14,3.9,Umbulharjo,HGB,606.7
64,143,1,1,25,4.5,Ngaglik,HGB,478.4
123,163,5,3,22,9.4,Kasihan,SHM,1071.8
40,38,1,1,30,8.4,Ngaglik,SHM,378.4
58,88,1,1,16,3.9,Depok,HGB,707.7
44,67,1,1,14,3.2,Ngaglik,HGB,480.8
88,91,2,1,15,4.5,Ngaglik,HGB,487.3
128,248,3,2,18,7.4,Umbulharjo,SHM,1096.2
82,92,2,1,32,7.9,Ngaglik,SHM,567.2
83,112,2,1,20,13.1,Gamping,SHM,433.3
60,94,3,1,35,3.2,Depok,Girik,447.3
169,319,3,1,21,2.3,Depok,SHM,2600.4
116,248,3,2,21,4.7,Umbulharjo,HGB,1005.7
50,130,2,1,20,5.1,Ngaglik,SHM,337.9
57,115,1,1,4,7.2,Depok,HGB,756.3
102,99,3,1,20,13.5,Gamping,SHM,610.5
35,47,1,1,31,2.4,Gamping,SHM,218.9
80,189,1,1,6,6.5,Ngaglik,SHM,892.5
64,75,3,2,11,8.3,Kasihan,HGB,338.5
56,106,2,1,13,8.4,Ngaglik,SHM,516.3
106,138,3,2,11,4.7,Mlati,SHM,962.7
158,243,6,3,35,7.3,Gamping,Girik,648.9
95,110,2,1,5,2.0,Depok,HGB,859.1
99,129,4,3,15,7.7,Depok,HGB,1257.0
40,103,1,1,17,6.2,Depok,SHM,517.8
69,149,3,1,11,3.1,Mlati,SHM,862.5
134,287,3,2,34,4.1,Kasihan,HGB,1061.7
82,76,3,1,8,2.1,Gamping,Girik,534.4
68,163,2,1,36,7.9,Gamping,SHM,546.4
66,118,2,1,33,7.0,Depok,SHM,808.2
110,173,3,1,7,6.9,Gamping,SHM,1062.7
91,233,3,1,23,4.4,Gamping,SHM,816.3
164,365,4,2,25,1.1,Kasihan,SHM,1794.5
112,136,4,2,7,3.0,Mlati,HGB,1272.8
71,165,2,2,34,5.3,Sewon,SHM,774.4
93,142,3,1,3,8.7,Sewon,SHM,753.0
67,141,2,2,31,5.1,Depok,SHM,767.0
276,672,7,4,2,5.9,Umbulharjo,SHM,4442.6
69,125,2,1,7,7.0,Depok,SHM,630.4
69,84,2,2,33,4.8,Umbulharjo,SHM,675.7
110,211,3,2,24,6.3,Depok,HGB,929.1
103,133,3,2,36,8.0,Mlati,HGB,770.6
95,123,2,1,33,4.2,Gamping,Girik,684.6
73,163,2,2,2,5.7,Gamping,SHM,743.0
120,279,3,1,2,2.6,Mlati,SHM,2031.2
246,375,7,4,19,14.0,Depok,SHM,1675.6
98,211,4,2,5,9.1,Kasihan,SHM,921.0
64,137,2,1,31,8.0,Ngaglik,HGB,469.2
120,301,4,2,33,7.5,Gamping,SHM,1070.1
68,132,1,1,15,3.3,Depok,Girik,598.4
131,307,4,2,12,7.1,Sewon,HGB,1246.3
46,43,2,1,1,2.8,Ngaglik,HGB,309.8
46,66,1,1,32,8.0,Ngaglik,SHM,319.4
310,388,7,4,23,10.6,Depok,SHM,2294.5
147,364,5,2,34,4.6,Depok,SHM,1266.8
161,413,4,2,6,4.0,Mlati,SHM,1652.0
105,217,3,1,15,5.6,Sewon,Girik,848.7
91,156,2,1,1,7.2,Kasihan,SHM,804.4
92,187,2,1,24,8.3,Mlati,SHM,816.0
111,157,2,1,10,9.7,Ngaglik,HGB,685.7
91,235,3,2,11,5.5,Sewon,SHM,855.7
116,232,3,1,11,7.5,Sewon,SHM,904.9
47,46,1,1,15,2.9,Depok,SHM,385.3
87,135,4,2,14,4.1,Gamping,HGB,793.4
111,228,2,1,37,6.9,Kasihan,Girik,568.4
116,160,4,3,15,7.7,Depok,HGB,1205.0
71,115,2,1,32,15.2,Ngaglik,SHM,327.0
63,61,2,1,9,3.8,Sewon,SHM,495.7
116,288,4,2,12,4.0,Mlati,HGB,1229.8
46,43,1,1,18,5.9,Kasihan,SHM,433.1
63,62,3,2,11,3.1,Depok,SHM,770.7
70,75,3,3,25,1.4,Mlati,HGB,613.9
79,109,3,2,26,4.2,Umbulharjo,SHM,558.5
124,120,4,2,20,1.9,Sewon,SHM,945.2
65,106,1,1,15,6.1,Kasihan,HGB,463.5
65,105,3,2,11,4.0,Mlati,HGB,616.7
130,293,4,2,11,3.4,Ngaglik,SHM,2193.1
85,188,2,1,23,6.9,Depok,SHM,943.6
139,223,5,3,11,3.3,Kasihan,HGB,1316.6
86,170,4,3,36,4.7,Gamping,SHM,736.8
97,107,3,1,7,4.7,Ngaglik,SHM,981.1
256,538,7,4,18,11.1,Ngaglik,SHM,2921.5
109,262,3,1,21,6.7,Ngaglik,SHM,985.7
66,168,2,2,6,7.5,Umbulharjo,HGB,563.8
87,211,3,2,36,8.8,Sewon,SHM,578.5
126,119,4,2,19,6.8,Umbulharjo,Girik,879.4
74,120,3,1,33,7.3,Umbulharjo,HGB,633.9
52,98,1,1,37,0.5,Kasihan,SHM,225.4
80,104,2,1,26,1.2,Umbulharjo,Girik,746.1
83,94,3,1,6,4.0,Umbulharjo,SHM,703.2
99,219,4,2,23,7.5,Umbulharjo,SHM,1042.6
101,185,3,2,36,6.0,Sewon,SHM,800.0
78,106,3,2,26,7.2,Umbulharjo,HGB,691.4
116,238,4,2,6,7.2,Sewon,HGB,727.9
138,254,5,3,4,8.3,Kasihan,SHM,1194.4
71,104,3,1,13,2.6,Umbulharjo,SHM,667.4
122,178,3,1,38,9.1,Ngaglik,SHM,957.4
126,136,4,3,24,5.5,Depok,SHM,910.5
104,197,3,1,5,4.6,Kasihan,HGB,595.7
106,165,3,2,4,7.5,Sewon,SHM,1077.7
182,293,6,4,28,8.4,Ngaglik,SHM,1318.6
82,81,2,1,27,1.7,Umbulharjo,SHM,722.8
31,44,1,1,34,1.5,Kasihan,SHM,303.1
144,300,3,1,3,3.0,Ngaglik,SHM,1179.0
40,68,2,1,3,2.5,Gamping,SHM,317.8
64,149,2,1,20,6.1,Ngaglik,HGB,552.5
50,49,3,2,18,5.1,Ngaglik,Girik,440.7
108,235,3,1,38,7.5,Ngaglik,SHM,742.6
89,159,4,3,2,7.5,Umbulharjo,SHM,1356.7
104,153,3,2,4,5.1,Mlati,SHM,1034.9
132,244,3,2,38,14.3,Umbulharjo,HGB,1222.9
114,111,4,1,34,5.9,Kasihan,SHM,779.3
70,149,2,1,24,7.5,Mlati,SHM,542.9
76,85,3,2,24,7.9,Kasihan,SHM,622.5
79,166,5,3,3,7.2,Ngaglik,SHM,539.1
83,111,3,1,27,3.4,Depok,SHM,771.3
85,163,1,1,31,8.7,Gamping,SHM,494.5
109,210,3,1,6,4.1,Mlati,SHM,1580.7
54,77,2,1,8,6.6,Kasihan,SHM,438.6
81,90,2,1,1,6.8,Depok,SHM,674.7
122,142,4,2,9,4.6,Umbulharjo,SHM,1108.4
312,506,7,4,35,10.5,Ngaglik,SHM,2629.0
94,128,5,2,37,5.2,Sewon,SHM,1048.7
119,132,5,3,33,5.0,Sewon,HGB,902.3
106,124,4,2,26,9.4,Gamping,SHM,641.1
82,170,2,1,13,2.6,Gamping,SHM,612.8
59,121,1,1,17,2.0,Gamping,HGB,460.7
144,353,4,2,1,5.7,Sewon,HGB,1390.0
72,170,3,2,32,7.4,Mlati,SHM,587.9
75,180,3,2,30,5.1,Depok,SHM,1337.5
159,196,5,3,3,15.4,Mlati,SHM,1019.6
41,73,2,1,14,16.0,Gamping,Girik,142.7
93,237,3,2,15,8.2,Depok,HGB,999.5
141,209,6,3,17,8.2,Mlati,HGB,1152.0
84,114,1,1,14,7.8,Sewon,HGB,489.4
79,195,2,1,23,2.3,Gamping,SHM,666.2
42,88,1,1,21,3.5,Umbulharjo,HGB,431.5
102,174,3,1,5,8.5,Sewon,Girik,797.4
73,91,3,2,35,9.2,Kasihan,SHM,621.8
58,90,2,1,24,12.1,Sewon,SHM,373.1
163,377,5,3,13,3.2,Mlati,HGB,1419.8
131,266,3,1,28,8.3,Sewon,SHM,1005.8
96,116,2,1,3,9.4,Umbulharjo,SHM,590.0
52,115,1,1,36,5.1,Kasihan,SHM,452.7
112,167,4,3,7,10.9,Umbulharjo,SHM,796.7
126,121,3,1,24,2.5,Kasihan,HGB,868.2
37,79,2,1,35,4.8,Kasihan,SHM,374.9
78,196,3,2,9,6.7,Sewon,Girik,598.9
122,136,4,2,26,8.1,Umbulharjo,SHM,1183.6
43,71,2,1,19,7.1,Mlati,SHM,454.5
205,236,6,2,27,8.5,Sewon,SHM,1443.0
103,152,3,1,34,5.5,Mlati,SHM,705.5
59,64,2,1,23,1.5,Depok,SHM,698.6
104,213,4,3,36,5.7,Umbulharjo,SHM,1147.1
186,435,5,2,15,5.9,Gamping,SHM,1729.1
123,308,3,1,7,4.7,Umbulharjo,HGB,1273.0
142,177,4,2,12,1.0,Gamping,SHM,1091.2
44,56,1,1,36,9.6,Ngaglik,SHM,218.2
106,148,2,2,4,2.5,Sewon,SHM,1496.1
69,179,1,1,3,5.1,Sewon,HGB,767.8
73,72,3,2,12,7.3,Umbulharjo,SHM,965.3
89,188,1,1,29,3.9,Gamping,SHM,701.1
75,73,3,2,31,3.8,Sewon,SHM,556.0
91,186,4,3,6,7.5,Ngaglik,Girik,557.2
83,132,4,2,37,7.1,Gamping,SHM,758.3
205,295,6,4,15,3.5,Ngaglik,SHM,2484.2
142,181,4,3,8,5.7,Sewon,Girik,596.3
102,206,4,1,23,4.2,Mlati,SHM,1278.6
110,131,4,2,2,3.1,Depok,SHM,1355.8
69,172,2,1,12,3.9,Gamping,SHM,651.3
84,106,3,1,34,8.5,Kasihan,SHM,567.1
124,227,4,2,5,6.0,Kasihan,SHM,1189.2
171,264,5,4,28,4.2,Depok,SHM,1928.1
178,445,6,3,0,6.4,Depok,HGB,1590.4
52,122,3,1,10,1.6,Kasihan,SHM,836.9
91,223,3,2,36,5.8,Gamping,SHM,872.9
105,252,5,2,3,5.8,Gamping,SHM,1516.6
106,192,4,3,28,3.5,Kasihan,SHM,1249.9
62,81,2,1,3,3.2,Gamping,HGB,528.8
56,125,2,1,15,3.1,Sewon,SHM,623.0
170,410,7,3,13,1.4,Mlati,HGB,1605.0
100,194,1,1,9,6.5,Kasihan,SHM,904.6
100,114,4,2,36,2.6,Gamping,HGB,857.2
70,107,3,1,34,7.5,Depok,HGB,780.9
117,209,4,3,7,5.8,Ngaglik,SHM,1081.2
90,191,3,1,29,6.3,Kasihan,HGB,664.6
90,201,2,1,14,5.8,Ngaglik,SHM,724.3
87,188,3,1,1,6.8,Kasihan,SHM,793.9
180,355,6,3,37,8.6,Depok,Girik,1934.7
93,166,3,2,11,2.2,Ngaglik,HGB,984.0
104,171,2,1,0,2.7,Kasihan,SHM,983.4
143,178,4,3,32,2.3,Kasihan,SHM,1137.3
92,162,3,2,20,5.9,Sewon,HGB,991.7
95,181,3,1,20,8.3,Umbulharjo,SHM,954.4
71,181,1,1,1,2.7,Kasihan,HGB,893.7
100,203,3,2,32,10.9,Gamping,SHM,763.3
67,91,2,1,4,6.0,Ngaglik,Girik,450.1
145,342,4,1,16,1.2,Mlati,SHM,1215.4
64,127,2,1,15,1.6,Kasihan,HGB,797.7
98,106,4,2,14,12.7,Sewon,HGB,593.6
96,175,3,2,12,14.4,Kasihan,HGB,422.0
90,147,2,1,0,5.1,Gamping,SHM,699.1
96,105,4,2,5,1.7,Depok,HGB,928.3
45,79,2,1,6,7.7,Kasihan,SHM,451.5
48,59,1,1,29,3.9,Kasihan,SHM,278.3
135,166,4,2,6,6.7,Mlati,SHM,1311.2
73,122,2,1,22,6.3,Umbulharjo,SHM,897.7
43,95,2,1,34,4.9,Gamping,HGB,428.0
136,352,5,3,19,4.7,Sewon,SHM,1380.7
81,92,3,1,36,6.9,Sewon,HGB,626.9
118,129,4,2,13,14.7,Gamping,SHM,656.4
129,131,4,2,17,7.3,Mlati,SHM,763.8
57,138,2,2,13,1.0,Ngaglik,SHM,554.7
164,276,5,3,25,4.0,Gamping,SHM,1310.5
66,61,2,1,35,7.7,Kasihan,SHM,394.7
146,278,4,2,22,9.8,Kasihan,SHM,910.2
87,112,2,1,23,4.0,Umbulharjo,SHM,1007.6
101,184,2,1,5,8.3,Depok,SHM,845.6
100,186,2,2,31,8.1,Gamping,SHM,677.7
104,144,3,2,25,6.4,Mlati,SHM,618.3
81,155,2,2,37,4.5,Mlati,SHM,604.3
77,197,3,1,30,3.6,Umbulharjo,Girik,894.7
82,171,1,1,25,2.8,Sewon,HGB,556.7
103,98,3,2,10,5.3,Umbulharjo,SHM,781.9
117,265,3,1,26,2.6,Gamping,HGB,908.8
107,219,2,1,27,8.6,Gamping,HGB,671.2
93,204,3,2,38,4.3,Mlati,SHM,1387.0
62,78,2,1,25,6.0,Depok,Girik,367.7
141,159,4,2,29,7.5,Kasihan,Girik,658.0
31,62,1,1,35,4.0,Kasihan,HGB,273.9
119,272,5,2,38,2.9,Kasihan,SHM,1332.4
97,251,3,1,31,10.0,Mlati,HGB,1206.5
82,202,3,2,26,1.9,Ngaglik,HGB,867.7
112,158,3,2,3,10.9,Sewon,SHM,1125.4
78,100,2,2,34,8.1,Gamping,HGB,516.4
62,107,3,2,29,4.9,Sewon,SHM,560.9
104,231,4,2,21,4.7,Umbulharjo,SHM,1262.9
88,96,4,3,24,15.3,Kasihan,SHM,434.6
133,178,6,3,12,16.3,Depok,SHM,1064.8
58,115,1,1,27,8.6,Mlati,SHM,364.6
84,182,1,1,38,9.4,Umbulharjo,SHM,550.1
83,97,2,2,5,6.7,Gamping,HGB,491.2
44,40,1,1,14,3.5,Sewon,SHM,338.0
70,112,3,1,9,4.1,Kasihan,SHM,726.2
310,301,7,4,26,8.0,Gamping,SHM,2031.0
87,149,3,2,39,2.1,Gamping,SHM,793.5
88,160,3,2,6,11.9,Ngaglik,SHM,923.3
29,52,1,1,12,6.1,Umbulharjo,SHM,321.4
169,298,5,2,2,4.9,Ngaglik,SHM,2200.8
71,70,2,1,37,3.4,Sewon,SHM,459.8
123,288,3,2,3,4.7,Depok,SHM,1939.8
91,136,4,3,30,2.7,Ngaglik,HGB,1044.2
72,178,4,2,0,10.5,Ngaglik,SHM,822.2
173,304,4,2,34,5.6,Sewon,SHM,1158.0
83,191,2,1,0,2.1,Sewon,SHM,773.0
71,98,3,1,11,8.6,Gamping,SHM,723.1
95,205,3,2,5,5.1,Ngaglik,SHM,941.0
107,190,3,1,39,6.0,Mlati,SHM,1068.7
101,119,5,2,22,8.6,Umbulharjo,SHM,849.4
102,175,3,2,39,5.8,Umbulharjo,SHM,990.2
210,335,7,4,13,5.5,Depok,SHM,4227.9
52,92,1,1,37,7.1,Ngaglik,SHM,435.2
120,220,3,2,12,9.0,Kasihan,SHM,1034.7
98,117,3,2,37,8.4,Sewon,SHM,573.8
53,119,3,2,31,6.8,Kasihan,SHM,537.9
122,135,4,2,17,9.3,Gamping,SHM,731.4
77,103,1,1,19,17.1,Mlati,HGB,345.5
141,321,4,2,36,4.6,Ngaglik,SHM,1529.5
69,161,2,1,11,13.6,Gamping,SHM,575.2
183,385,6,3,16,4.4,Umbulharjo,SHM,2283.2
69,92,3,3,12,6.7,Umbulharjo,SHM,941.6
51,58,1,1,17,8.9,Kasihan,SHM,344.9
114,234,3,2,3,2.4,Gamping,Girik,1160.2
57,108,1,1,6,8.9,Mlati,Girik,413.9
75,107,1,1,18,7.6,Depok,HGB,608.3
64,107,2,2,16,6.1,Umbulharjo,SHM,466.8
143,281,6,3,19,3.6,Gamping,HGB,1026.8
80,85,3,1,24,4.4,Mlati,SHM,546.5
120,190,3,2,15,6.6,Sewon,SHM,1321.1
84,138,3,2,25,8.1,Gamping,SHM,719.5
123,134,4,2,29,4.2,Sewon,SHM,808.1
84,179,3,1,15,2.2,Mlati,SHM,1075.0
90,161,3,2,19,10.2,Gamping,SHM,705.3
63,97,3,2,5,6.7,Ngaglik,SHM,456.5
101,100,3,2,10,2.6,Gamping,HGB,987.7
56,104,1,1,23,10.8,Kasihan,HGB,357.5
101,162,3,2,38,1.5,Mlati,SHM,775.0
167,276,5,3,36,4.1,Umbulharjo,HGB,1210.6
104,265,4,2,34,12.1,Sewon,SHM,860.1
71,157,2,2,31,9.5,Mlati,HGB,636.1
117,202,4,2,7,2.1,Kasihan,SHM,1450.5
42,96,1,1,18,5.0,Sewon,SHM,398.3
130,184,4,2,12,6.0,Umbulharjo,HGB,1557.1
95,99,3,2,8,11.5,Gamping,SHM,638.3
104,212,3,2,27,4.4,Depok,HGB,853.3
47,70,1,1,0,12.7,Sewon,HGB,360.6
61,81,3,1,19,3.4,Ngaglik,Girik,592.4
55,89,3,2,19,4.7,Mlati,SHM,536.4
160,203,4,2,2,1.8,Ngaglik,SHM,1877.5
210,215,6,3,4,3.5,Depok,HGB,1731.9
48,87,1,1,31,6.6,Depok,Girik,477.0
65,119,3,1,21,7.8,Umbulharjo,HGB,461.3
98,100,2,2,21,2.9,Ngaglik,SHM,985.0
56,79,1,2,1,8.9,Kasihan,HGB,393.8
59,76,2,2,26,2.2,Depok,SHM,521.5
84,96,3,2,35,3.7,Mlati,Girik,736.0
112,210,3,2,31,5.0,Kasihan,HGB,718.4
137,275,3,1,33,6.9,Gamping,SHM,1082.6
146,297,4,2,9,10.1,Ngaglik,SHM,962.5
108,163,3,3,8,3.2,Depok,SHM,1092.7
54,93,2,1,0,4.8,Mlati,SHM,549.8
103,242,3,2,6,1.9,Sewon,SHM,1580.2
40,44,1,1,12,15.6,Depok,SHM,235.4
125,237,3,1,15,11.2,Depok,HGB,1700.5
38,39,2,1,36,1.4,Umbulharjo,HGB,325.0
191,297,6,3,14,2.2,Kasihan,HGB,2786.3
293,669,7,4,34,5.0,Depok,SHM,4528.5
99,245,4,2,23,3.8,Depok,SHM,1211.1
120,308,4,3,20,2.3,Gamping,SHM,1817.6
127,174,3,2,35,4.1,Mlati,SHM,793.5
65,148,3,2,24,4.9,Ngaglik,SHM,851.0
104,143,3,2,12,2.8,Umbulharjo,HGB,996.5
152,318,5,3,35,1.6,Gamping,SHM,1657.4
96,122,3,1,16,2.3,Mlati,SHM,1062.4
125,274,5,3,34,4.2,Depok,HGB,1692.5
129,151,2,1,39,3.7,Umbulharjo,SHM,1184.2
63,113,2,1,0,6.0,Gamping,SHM,692.9
66,75,1,1,21,3.9,Kasihan,Girik,432.0
76,154,2,1,18,7.7,Mlati,HGB,619.6
78,158,1,1,19,3.1,Sewon,Girik,477.3
95,233,3,2,8,6.1,Mlati,HGB,1278.9
69,65,3,2,23,3.2,Mlati,SHM,646.4
93,203,3,2,4,8.0,Umbulharjo,SHM,846.8
198,447,7,4,15,11.6,Ngaglik,SHM,1623.1
94,156,2,2,15,5.2,Sewon,HGB,537.7
188,292,4,2,27,5.0,Kasihan,HGB,1802.3
124,128,3,1,27,8.3,Ngaglik,HGB,1011.4
189,232,7,4,7,3.2,Gamping,SHM,1838.4
66,68,1,1,14,4.8,Gamping,SHM,477.1
119,118,5,2,18,2.8,Ngaglik,SHM,1230.5
140,147,5,3,17,6.0,Depok,Girik,1089.7
106,231,2,1,29,5.2,Gamping,Girik,716.5
64,83,1,1,5,3.1,Ngaglik,SHM,604.3
71,67,2,2,15,7.6,Mlati,SHM,657.0
71,127,2,2,24,4.6,Ngaglik,HGB,523.2
85,217,2,1,39,5.3,Sewon,HGB,432.9
91,146,4,2,35,5.7,Mlati,SHM,1058.0
92,164,3,2,6,2.9,Sewon,HGB,871.3
220,283,6,3,20,4.5,Gamping,SHM,2545.5
106,100,3,1,32,5.6,Depok,SHM,1126.3
119,220,2,1,36,4.1,Ngaglik,SHM,1162.0
79,200,3,1,12,1.6,Ngaglik,Girik,818.9
41,104,1,1,20,3.4,Depok,SHM,466.8
112,205,2,1,25,10.9,Mlati,SHM,885.8
144,254,4,2,38,8.1,Depok,HGB,1032.2
75,99,1,1,30,2.6,Umbulharjo,HGB,859.8
78,117,1,1,9,10.0,Depok,SHM,545.0
180,186,6,3,11,12.6,Ngaglik,HGB,1598.5
367,857,7,4,16,14.2,Depok,HGB,4372.2
49,53,1,1,0,5.0,Depok,HGB,409.6
184,466,5,2,0,7.3,Kasihan,SHM,1615.2
138,269,4,3,30,16.3,Mlati,HGB,725.9
76,180,3,1,28,3.2,Gamping,SHM,688.9
69,167,3,2,21,1.5,Depok,HGB,1014.5
69,121,1,1,2,5.8,Umbulharjo,HGB,763.5
68,158,2,1,23,6.7,Sewon,SHM,439.1
84,168,3,2,26,3.6,Depok,SHM,825.7
133,187,5,3,5,9.6,Sewon,SHM,841.1
86,153,3,1,20,7.2,Sewon,SHM,723.3
53,86,2,1,33,7.0,Sewon,Girik,293.2
35,34,1,1,12,11.9,Depok,SHM,286.2
69,83,2,1,24,4.4,Ngaglik,SHM,410.6
67,140,4,2,36,8.1,Sewon,SHM,547.1
68,106,2,1,30,0.5,Umbulharjo,SHM,693.4
77,98,2,1,0,2.3,Umbulharjo,SHM,1271.6
75,136,4,3,30,5.3,Kasihan,SHM,643.2
238,467,7,4,17,9.2,Gamping,SHM,1555.2
36,81,1,1,4,7.7,Depok,HGB,433.0
177,422,4,2,36,3.5,Kasihan,Girik,1232.9
97,103,3,2,3,2.5,Kasihan,SHM,764.0
187,236,6,2,18,2.2,Ngaglik,SHM,1660.2
107,249,2,1,30,8.6,Sewon,SHM,628.9
76,197,2,1,24,10.6,Gamping,HGB,588.2
47,110,1,1,11,6.4,Kasihan,HGB,342.0
108,221,5,3,21,6.0,Mlati,SHM,1208.8
71,145,3,1,0,8.1,Mlati,SHM,605.7
70,80,2,2,25,2.7,Depok,SHM,512.7
73,109,3,1,13,3.0,Depok,SHM,828.6
48,105,1,1,18,5.4,Sewon,HGB,364.2
63,137,2,1,30,1.1,Umbulharjo,HGB,701.8
81,199,4,2,39,3.1,Gamping,Girik,385.3
82,76,2,1,27,3.2,Sewon,HGB,457.6
40,59,2,1,10,7.3,Gamping,HGB,286.3
93,99,2,2,26,5.6,Ngaglik,SHM,842.1
282,691,7,4,22,8.1,Kasihan,SHM,2456.3
110,172,5,3,24,8.9,Ngaglik,HGB,1132.0
134,264,4,3,27,5.6,Umbulharjo,SHM,1940.8
47,78,2,2,8,12.7,Kasihan,SHM,346.3
88,82,3,2,39,3.5,Umbulharjo,SHM,637.0
109,168,4,2,1,8.6,Depok,SHM,1612.9
315,793,7,4,15,1.5,Ngaglik,Girik,3669.4
172,190,5,3,6,6.6,Umbulharjo,SHM,1459.1
184,313,6,4,31,5.6,Depok,HGB,2166.8
76,141,3,2,31,5.2,Mlati,SHM,795.9
67,80,2,1,31,1.3,Kasihan,SHM,566.2
98,203,4,3,15,7.9,Depok,HGB,1027.6
101,149,4,2,8,2.5,Umbulharjo,SHM,984.3
70,168,3,2,2,6.2,Umbulharjo,SHM,1132.3
73,127,3,1,30,2.4,Ngaglik,HGB,778.4
286,670,7,3,31,11.5,Ngaglik,HGB,2253.1
176,324,6,4,9,6.4,Depok,HGB,2729.7
79,135,2,1,26,4.9,Gamping,SHM,565.7
54,72,2,1,18,4.9,Ngaglik,SHM,473.5
202,330,6,4,7,3.8,Sewon,SHM,1844.4
92,152,2,1,6,5.9,Depok,SHM,1408.9
63,106,2,1,21,11.2,Gamping,Girik,360.5
70,140,3,2,20,5.4,Sewon,SHM,676.8
127,237,3,1,4,4.1,Umbulharjo,SHM,1105.3
151,270,4,3,33,7.0,Sewon,SHM,851.4
52,106,1,1,18,7.5,Umbulharjo,HGB,442.1
57,121,3,2,30,8.0,Umbulharjo,SHM,540.5
88,142,2,1,5,7.2,Kasihan,HGB,632.7
105,113,5,3,26,2.9,Gamping,SHM,1222.3
127,201,5,3,5,5.2,Kasihan,HGB,1170.8
145,278,6,3,27,4.3,Kasihan,SHM,1745.4
108,229,5,3,20,8.1,Mlati,SHM,1290.9
63,121,3,2,0,2.5,Ngaglik,SHM,826.0
114,274,4,2,35,5.8,Mlati,SHM,675.5
62,104,1,1,6,2.6,Depok,SHM,1093.0
134,255,4,1,10,9.4,Depok,HGB,1353.2
101,260,2,1,21,2.9,Mlati,SHM,861.3
95,130,2,1,5,0.9,Ngaglik,SHM,1208.2
199,251,7,4,9,0.7,Depok,SHM,4243.8
75,152,3,1,25,3.8,Kasihan,SHM,775.3
99,193,4,2,31,6.2,Mlati,SHM,897.3
129,258,5,3,31,4.5,Ngaglik,HGB,1371.8
117,161,3,1,1,9.6,Sewon,SHM,756.4
67,148,2,1,1,3.7,Depok,SHM,1023.2
123,227,4,2,27,8.6,Mlati,HGB,1144.6
105,241,3,2,18,4.4,Depok,SHM,1265.7
117,168,3,1,25,8.1,Depok,HGB,1002.6
85,148,4,2,13,7.1,Mlati,HGB,754.0
92,236,5,3,0,14.2,Sewon,HGB,893.5
59,95,1,1,32,8.3,Kasihan,HGB,614.3
65,131,2,1,36,1.5,Sewon,HGB,459.9
77,167,3,2,29,18.1,Mlati,SHM,632.1
108,244,3,2,21,3.5,Ngaglik,SHM,1311.2
146,255,6,4,36,5.7,Sewon,SHM,1490.6
118,185,4,2,9,12.8,Depok,SHM,878.6
72,79,2,2,22,4.6,Ngaglik,SHM,566.3
88,115,3,1,28,1.7,Mlati,HGB,812.3
154,339,4,2,21,3.1,Depok,SHM,2098.4
63,78,2,1,5,6.7,Sewon,SHM,582.3
79,203,2,1,33,8.1,Umbulharjo,SHM,667.8
71,91,2,1,32,2.9,Sewon,SHM,535.0
135,185,4,2,23,2.9,Depok,SHM,1496.4
206,299,6,4,8,5.1,Kasihan,HGB,2432.6
63,161,2,1,35,5.8,Kasihan,SHM,469.2
30,34,2,1,39,8.4,Kasihan,SHM,231.3
132,154,3,1,34,7.6,Ngaglik,SHM,1123.2
88,86,3,1,39,4.2,Mlati,HGB,902.7
48,50,2,2,17,6.1,Umbulharjo,SHM,400.2
159,407,5,3,12,7.0,Mlati,SHM,1251.0
222,454,7,4,11,11.2,Gamping,SHM,1186.7
67,164,4,2,8,5.4,Sewon,SHM,776.4
135,308,4,1,36,11.6,Depok,SHM,1170.2
119,170,4,3,19,7.0,Gamping,SHM,963.8
87,99,3,2,4,3.0,Depok,SHM,1198.9
60,84,1,1,36,7.1,Kasihan,HGB,353.0
145,167,4,1,33,6.2,Kasihan,SHM,1012.1
107,164,4,1,31,3.5,Kasihan,SHM,1021.5
82,182,1,1,20,1.0,Sewon,SHM,688.0
72,123,2,1,26,14.8,Ngaglik,SHM,583.2
38,50,1,1,38,1.1,Depok,Girik,275.8
103,94,3,2,21,2.9,Mlati,HGB,782.7
77,71,3,1,12,3.7,Ngaglik,SHM,665.8
171,249,6,4,27,4.5,Umbulharjo,SHM,1443.1
68,162,3,1,9,6.7,Depok,SHM,842.5
30,75,1,2,9,3.6,Mlati,SHM,331.7
112,190,3,3,5,2.1,Ngaglik,SHM,975.4
113,244,4,3,19,4.9,Sewon,SHM,1399.2
44,112,1,1,14,8.2,Gamping,SHM,390.3
129,186,4,2,5,4.6,Gamping,SHM,1478.9
38,73,1,1,30,7.9,Kasihan,SHM,245.0
148,197,5,3,16,6.2,Umbulharjo,Girik,1180.6
137,161,5,3,4,9.1,Sewon,HGB,837.4
106,110,4,2,0,13.5,Sewon,SHM,613.8
115,157,4,2,24,10.3,Depok,SHM,696.2
64,124,1,1,37,1.3,Depok,SHM,641.5
83,176,3,2,13,4.8,Ngaglik,HGB,1074.5
176,261,4,2,15,3.7,Mlati,SHM,2138.3
102,194,4,2,13,3.8,Kasihan,SHM,1319.9
87,161,2,1,3,11.5,Depok,Girik,696.3
171,324,5,3,37,1.7,Gamping,SHM,1375.7
96,159,3,1,27,2.0,Ngaglik,SHM,947.7
54,108,2,1,19,3.8,Kasihan,Girik,394.4
63,128,1,1,5,1.6,Ngaglik,SHM,1082.3
138,239,4,3,14,6.1,Ngaglik,SHM,997.8
161,146,5,3,36,3.3,Ngaglik,SHM,1378.2
86,119,4,2,25,11.4,Mlati,SHM,770.8
72,82,2,2,13,6.7,Kasihan,HGB,396.1
176,349,5,3,17,4.3,Sewon,SHM,2189.2
84,204,2,2,38,8.0,Kasihan,SHM,636.6
104,212,4,3,24,24.0,Kasihan,SHM,618.6
64,119,3,1,8,9.4,Mlati,Girik,479.4
114,127,4,3,38,8.3,Gamping,SHM,740.5
86,85,3,1,37,24.0,Kasihan,SHM,327.1
75,170,2,1,22,4.6,Ngaglik,SHM,761.0
139,227,4,2,37,1.0,Ngaglik,SHM,1380.7
104,120,3,2,11,4.4,Sewon,SHM,691.6
53,56,1,1,19,5.9,Umbulharjo,SHM,414.8
90,224,1,1,31,2.2,Umbulharjo,SHM,698.4
34,65,1,1,1,5.6,Kasihan,SHM,381.3
96,134,2,2,4,6.2,Depok,SHM,1360.8
92,216,3,2,36,5.7,Mlati,SHM,664.9
66,65,3,2,6,5.7,Ngaglik,HGB,599.0
146,349,4,2,13,5.0,Depok,SHM,1603.2
83,178,2,1,32,6.1,Ngaglik,SHM,717.9
122,246,5,3,4,8.8,Sewon,SHM,1334.1
96,170,3,1,13,7.8,Kasihan,HGB,834.1
102,110,4,3,14,11.9,Umbulharjo,Girik,787.7
97,129,3,2,18,12.6,Sewon,SHM,675.0
248,239,7,4,12,2.0,Kasihan,SHM,3263.9
187,329,6,3,2,3.6,Ngaglik,SHM,1891.7
87,85,3,2,7,3.3,Umbulharjo,HGB,779.0
105,123,4,2,25,6.6,Depok,HGB,1074.9
182,471,6,3,26,6.0,Gamping,SHM,1754.9
69,114,3,1,34,3.7,Sewon,SHM,636.0
73,100,3,2,30,8.9,Sewon,Girik,452.2
72,112,2,1,15,2.7,Gamping,SHM,574.2
60,95,1,1,34,5.3,Gamping,HGB,356.6
132,314,5,3,14,8.1,Kasihan,SHM,1508.8
42,104,1,1,28,6.7,Gamping,SHM,441.6
176,263,5,2,31,5.8,Kasihan,SHM,1926.2
43,59,1,1,8,5.6,Depok,SHM,454.4
56,97,1,1,28,8.0,Depok,HGB,652.3
261,607,7,4,36,6.3,Mlati,SHM,2293.4
42,87,2,1,28,7.0,Sewon,SHM,362.7
60,123,2,1,15,3.7,Gamping,SHM,469.8
74,165,2,1,37,21.0,Sewon,SHM,345.8
51,103,2,2,36,2.7,Umbulharjo,HGB,412.7
168,424,5,3,11,8.6,Gamping,SHM,1859.9
114,103,4,2,39,7.9,Gamping,Girik,402.8
124,268,5,3,3,4.2,Depok,HGB,2027.7
87,81,1,1,2,12.0,Gamping,HGB,415.6
56,79,1,1,15,5.4,Sewon,SHM,390.6
61,77,2,2,15,4.7,Kasihan,SHM,463.6
95,190,3,2,3,3.2,Umbulharjo,SHM,1147.8
43,50,1,1,25,4.2,Umbulharjo,HGB,314.9
138,127,4,2,9,9.5,Umbulharjo,SHM,1036.7
82,173,3,1,20,8.2,Sewon,SHM,465.2
55,130,2,1,0,2.7,Mlati,SHM,741.2
86,84,2,1,36,5.0,Mlati,SHM,475.5
178,354,5,3,35,3.2,Gamping,SHM,1714.2
113,189,3,3,30,2.6,Sewon,Girik,1094.6
73,133,1,1,16,4.6,Depok,SHM,900.8
51,95,1,1,36,0.9,Depok,HGB,671.0
62,84,2,1,38,9.0,Kasihan,SHM,700.3
52,86,1,1,33,7.4,Depok,SHM,524.1
60,132,1,1,1,7.9,Depok,SHM,884.7
186,297,6,3,33,6.8,Ngaglik,SHM,1711.0
84,119,3,1,11,8.0,Depok,Girik,718.8
80,168,2,1,25,4.4,Sewon,HGB,815.4
114,268,3,1,15,9.4,Umbulharjo,SHM,1018.6
68,135,1,1,29,10.3,Gamping,SHM,471.1
99,191,4,2,26,2.4,Mlati,SHM,960.5
68,126,3,2,20,5.3,Sewon,SHM,895.9
108,279,3,2,39,1.6,Mlati,SHM,1463.7
116,292,5,2,24,2.1,Sewon,SHM,1428.3
125,119,4,2,21,4.6,Sewon,HGB,820.3
43,94,1,1,21,6.9,Kasihan,SHM,286.1
56,139,3,1,36,8.7,Depok,SHM,704.1
44,93,2,1,12,14.8,Ngaglik,SHM,289.6
53,93,2,1,37,5.3,Depok,HGB,605.1
62,109,3,1,15,9.0,Ngaglik,SHM,633.2
130,258,3,1,7,4.1,Sewon,Girik,1150.6
74,104,1,1,25,2.1,Kasihan,SHM,538.4
88,139,3,1,34,6.8,Umbulharjo,SHM,799.5
79,202,2,1,12,9.5,Gamping,SHM,626.0
135,275,4,3,6,2.0,Ngaglik,SHM,1518.3
66,75,3,2,34,2.8,Umbulharjo,HGB,494.4
87,191,3,2,26,16.6,Mlati,HGB,566.4
117,169,5,3,0,7.2,Umbulharjo,HGB,1189.3
35,77,2,2,25,1.0,Umbulharjo,SHM,524.9
114,143,3,2,14,3.4,Mlati,SHM,752.4
90,203,4,2,8,3.0,Mlati,SHM,1349.5
152,288,6,3,37,4.8,Depok,Girik,1553.4
87,119,3,1,15,3.3,Sewon,HGB,856.1
111,210,4,3,0,8.2,Kasihan,SHM,1481.8
59,76,2,1,7,3.3,Depok,SHM,689.6
67,158,2,2,20,4.9,Kasihan,HGB,612.7
126,325,4,3,35,5.8,Gamping,SHM,1417.1
61,108,1,1,38,5.5,Mlati,SHM,379.3
58,146,1,1,38,6.4,Depok,Girik,370.5
70,172,2,1,36,10.6,Mlati,HGB,565.0
160,285,5,3,38,15.8,Sewon,SHM,1376.6
117,145,3,2,30,10.6,Depok,Girik,945.3
149,334,4,2,0,7.0,Depok,HGB,1405.8
232,236,7,4,8,3.7,Kasihan,SHM,1871.6
116,172,3,2,33,5.5,Sewon,HGB,693.6
100,231,4,2,31,6.5,Umbulharjo,SHM,883.5
77,92,3,1,20,14.7,Depok,SHM,635.4
132,304,4,2,6,7.8,Umbulharjo,HGB,2151.8
98,226,4,2,13,4.0,Ngaglik,Girik,788.1
107,276,3,1,30,8.2,Kasihan,SHM,889.0
168,381,4,2,0,5.3,Depok,SHM,1923.9
109,134,3,2,3,6.1,Kasihan,SHM,1335.5
88,161,3,1,39,10.1,Ngaglik,HGB,343.6
74,140,1,1,35,12.5,Mlati,Girik,351.8
125,257,3,1,34,2.5,Umbulharjo,SHM,1658.4
84,81,3,2,5,5.5,Sewon,HGB,535.7
129,117,4,2,9,7.6,Sewon,SHM,782.9
66,165,1,1,27,3.1,Depok,SHM,550.6
75,136,2,2,23,13.2,Gamping,HGB,524.7
112,279,3,1,24,5.6,Gamping,SHM,848.7
106,136,4,3,10,2.6,Sewon,Girik,810.6
100,230,3,2,20,2.4,Gamping,SHM,947.8
142,286,5,3,14,7.7,Ngaglik,SHM,1325.1
93,220,3,1,15,7.4,Depok,HGB,1643.3
89,160,3,2,12,5.1,Gamping,SHM,805.5
117,231,3,1,6,13.9,Depok,HGB,1255.4
41,62,2,1,38,12.7,Depok,SHM,539.0
117,120,3,2,1,6.5,Depok,Girik,1317.5
48,88,2,1,5,3.4,Mlati,SHM,587.5
119,110,3,2,36,4.3,Ngaglik,SHM,1312.6
200,327,7,5,33,4.6,Ngaglik,SHM,1510.3
92,155,4,3,11,7.1,Ngaglik,HGB,914.8
69,77,3,1,16,11.0,Depok,SHM,827.6
164,304,5,3,29,5.1,Gamping,HGB,875.3
70,170,2,1,7,6.9,Sewon,HGB,627.6
77,119,2,1,20,5.1,Sewon,SHM,671.9
134,285,4,1,30,8.1,Kasihan,Girik,1063.6
86,193,2,1,11,5.3,Gamping,HGB,798.2
153,296,6,4,30,6.6,Ngaglik,Girik,1218.4
115,146,4,2,25,7.9,Depok,SHM,1553.7
182,167,6,4,9,3.3,Mlati,SHM,1540.2
84,183,4,1,8,5.5,Depok,HGB,996.7
97,249,3,1,3,6.4,Ngaglik,SHM,955.7
67,170,1,1,38,6.7,Sewon,SHM,486.5
65,117,3,2,32,3.4,Kasihan,SHM,745.7
179,222,6,4,33,6.8,Sewon,HGB,1102.0
132,342,4,2,7,11.0,Kasihan,HGB,778.7
80,182,2,1,9,10.1,Kasihan,SHM,479.0
88,201,2,1,29,7.1,Sewon,SHM,635.8
72,73,2,1,36,6.6,Kasihan,SHM,397.6
83,193,3,2,0,10.9,Sewon,SHM,637.5
24,34,1,1,6,18.6,Kasihan,Girik,94.8
52,110,1,1,18,9.3,Ngaglik,HGB,325.0
160,251,5,2,33,8.4,Sewon,SHM,1304.1
82,198,3,3,5,10.2,Depok,SHM,1444.7
45,88,1,1,20,9.6,Depok,SHM,548.3
67,62,2,2,28,4.9,Mlati,SHM,683.7
177,255,7,4,18,3.4,Depok,SHM,2304.3
182,255,6,3,25,3.7,Mlati,HGB,2080.1
63,136,2,1,7,9.0,Gamping,SHM,458.4
91,131,3,2,28,2.7,Ngaglik,SHM,1142.9
75,166,3,2,7,4.4,Kasihan,HGB,719.1
117,232,4,2,37,10.3,Mlati,HGB,1064.9
67,148,3,2,31,6.3,Sewon,SHM,631.8
119,286,4,2,13,6.5,Ngaglik,HGB,1397.2
92,187,2,1,37,2.4,Sewon,HGB,1115.2
188,186,7,4,35,8.1,Ngaglik,HGB,1829.2
70,87,2,1,34,3.5,Kasihan,SHM,475.1
90,167,3,1,8,14.4,Mlati,SHM,587.5
90,91,4,2,14,4.9,Depok,HGB,754.6
149,208,5,3,33,5.0,Mlati,HGB,1184.1
85,152,3,2,6,5.7,Gamping,SHM,596.8
113,246,3,1,24,6.8,Depok,Girik,1307.5
182,394,6,4,20,4.9,Depok,HGB,1896.5
141,351,5,3,27,5.8,Mlati,SHM,1134.0
53,127,2,2,7,2.7,Depok,SHM,486.4
53,128,2,1,31,9.9,Sewon,SHM,445.7
111,255,4,2,32,2.9,Sewon,SHM,1457.9
53,88,1,1,21,13.4,Sewon,SHM,244.7
69,67,3,2,38,6.0,Gamping,HGB,381.5
86,115,2,1,5,9.1,Sewon,SHM,519.3
114,156,4,3,25,5.4,Ngaglik,SHM,788.5
40,67,1,1,38,6.8,Depok,HGB,376.9
97,141,3,2,4,6.1,Depok,SHM,1483.6
68,85,2,1,24,8.6,Mlati,SHM,513.0
130,250,5,3,0,3.0,Kasihan,SHM,1792.9
79,93,1,1,10,1.9,Mlati,SHM,596.4
71,123,3,2,35,3.4,Mlati,SHM,620.3
81,158,2,1,1,4.2,Gamping,HGB,545.1
122,205,4,2,35,3.2,Mlati,HGB,1198.3
82,196,3,1,37,3.4,Kasihan,SHM,1056.2
92,192,2,2,23,6.1,Kasihan,SHM,701.8
144,208,3,1,21,2.0,Mlati,SHM,1199.8
67,168,1,1,34,8.0,Depok,HGB,818.0
84,208,4,2,39,3.7,Umbulharjo,SHM,839.8
196,382,6,3,30,4.9,Kasihan,HGB,1795.6
55,116,2,1,29,3.6,Mlati,HGB,468.8
128,256,4,3,7,14.9,Kasihan,SHM,1139.7
117,195,3,3,17,6.0,Mlati,SHM,1077.0
168,341,6,4,21,2.4,Depok,Girik,1563.9
45,99,2,1,8,11.3,Sewon,HGB,366.0
110,229,4,3,1,8.4,Gamping,SHM,681.3
176,314,6,4,0,5.0,Depok,SHM,2635.9
62,126,2,1,2,7.8,Gamping,SHM,526.8
89,181,2,1,0,6.2,Umbulharjo,SHM,1051.0
86,175,4,2,13,12.8,Depok,SHM,1157.6
114,116,3,1,6,7.2,Mlati,HGB,1042.7
71,91,3,1,3,5.6,Sewon,SHM,754.7
103,201,4,2,5,4.1,Umbulharjo,SHM,1601.7
83,115,4,2,32,3.3,Sewon,SHM,701.2
60,75,2,1,29,4.3,Depok,SHM,520.3
49,108,3,2,8,13.0,Depok,SHM,608.8
109,217,3,1,22,10.7,Kasihan,SHM,1189.5
102,181,5,2,1,6.9,Kasihan,SHM,1081.8
82,87,3,1,0,3.8,Umbulharjo,SHM,1026.9
160,184,5,2,28,6.2,Sewon,SHM,1181.1
61,153,2,1,0,3.9,Mlati,SHM,868.8
112,148,5,2,26,9.2,Depok,SHM,1036.4
156,194,4,2,18,4.1,Sewon,SHM,1119.4
97,193,4,2,0,2.3,Sewon,SHM,1047.2
35,41,1,1,17,9.7,Mlati,SHM,237.2
104,131,4,2,27,9.8,Depok,HGB,919.8
87,107,2,1,35,6.6,Depok,SHM,625.2
212,523,7,5,24,11.4,Umbulharjo,SHM,2052.5
103,129,6,5,15,3.2,Depok,SHM,1370.7
52,50,3,2,23,4.7,Sewon,HGB,221.7
92,122,2,1,28,6.9,Umbulharjo,HGB,994.6
124,274,4,2,22,4.5,Gamping,SHM,1139.4
145,174,4,3,22,5.1,Mlati,SHM,979.6
70,141,2,1,11,5.9,Kasihan,SHM,574.4
46,45,2,1,33,3.3,Kasihan,SHM,284.5
84,112,2,1,33,2.5,Sewon,Girik,459.0
80,151,2,2,37,1.3,Depok,SHM,774.2
55,67,2,1,0,9.7,Umbulharjo,HGB,345.8
62,157,2,1,28,15.2,Gamping,SHM,348.7
86,208,4,3,29,2.0,Kasihan,HGB,573.3
189,443,7,4,37,3.1,Mlati,SHM,1811.4
145,263,5,3,6,4.2,Kasihan,SHM,1283.1
145,315,5,2,4,7.3,Depok,SHM,1774.8
96,145,3,2,18,9.9,Mlati,SHM,766.9
111,149,3,1,3,3.9,Gamping,HGB,1059.9
89,120,3,1,10,3.4,Depok,SHM,1029.7
166,233,6,4,19,16.3,Umbulharjo,SHM,1495.4
68,116,2,1,37,7.4,Kasihan,SHM,468.8
84,212,3,2,0,5.2,Ngaglik,HGB,809.2
77,171,3,2,15,5.9,Ngaglik,HGB,602.3
164,248,5,4,14,5.9,Kasihan,SHM,1108.8
99,200,4,3,7,3.4,Mlati,SHM,1714.4
87,126,3,1,20,7.9,Gamping,SHM,709.6
106,177,5,2,5,5.0,Gamping,SHM,1332.1
115,124,4,3,33,4.2,Mlati,HGB,932.6
67,78,2,2,19,3.6,Ngaglik,HGB,445.9
165,355,4,2,26,9.6,Depok,SHM,1470.6
56,59,2,1,1,4.3,Umbulharjo,SHM,607.2
49,112,2,2,26,6.1,Depok,SHM,741.4
41,39,1,1,29,7.6,Ngaglik,SHM,423.3
113,119,2,2,16,9.9,Mlati,SHM,546.0
57,57,2,1,33,7.5,Ngaglik,SHM,412.5
85,168,3,3,20,11.2,Gamping,HGB,453.3
46,109,2,1,34,5.3,Kasihan,SHM,449.3
83,99,2,2,17,4.5,Sewon,SHM,753.8
40,63,2,2,23,16.5,Depok,SHM,276.2
61,109,3,1,1,3.6,Umbulharjo,SHM,617.1
111,149,4,2,25,2.6,Umbulharjo,Girik,1312.4
67,88,2,2,37,2.4,Mlati,SHM,509.5
114,189,5,2,16,3.6,Sewon,Girik,1109.2
63,97,3,2,33,8.3,Depok,SHM,729.2
52,61,2,1,36,2.8,Mlati,HGB,376.0
78,141,2,1,37,6.0,Umbulharjo,SHM,553.5
115,188,3,2,1,3.3,Ngaglik,HGB,1358.7
94,140,3,1,37,4.6,Mlati,Girik,609.0
98,200,3,1,1,7.6,Depok,HGB,1000.8
85,105,4,3,38,6.7,Depok,SHM,794.8
63,98,2,1,30,6.4,Kasihan,HGB,396.0
116,252,3,2,11,10.5,Umbulharjo,HGB,987.6
47,108,1,1,37,4.1,Depok,SHM,543.0
85,208,2,1,22,3.9,Gamping,HGB,654.3
98,141,2,1,7,4.8,Depok,HGB,1413.6
69,139,2,1,5,4.0,Gamping,SHM,627.4
67,111,1,1,24,6.8,Ngaglik,SHM,552.4
131,335,5,2,24,8.2,Kasihan,SHM,657.0
136,219,4,1,21,2.1,Ngaglik,HGB,1090.8
148,362,5,2,26,3.6,Mlati,HGB,1719.5
80,182,3,1,2,4.9,Depok,SHM,1127.5
51,70,1,1,14,5.1,Gamping,HGB,455.1
84,124,2,1,5,7.3,Depok,SHM,1188.7
132,144,4,2,39,4.5,Depok,HGB,761.6
60,153,3,1,27,4.8,Gamping,HGB,474.0
154,368,4,2,34,2.5,Mlati,HGB,2864.6
86,219,3,1,37,4.7,Ngaglik,HGB,976.3
144,237,4,3,32,11.8,Kasihan,HGB,1620.4
62,56,2,1,33,6.0,Kasihan,SHM,521.8
68,131,2,1,0,3.1,Gamping,SHM,541.3
118,226,5,2,37,1.4,Sewon,HGB,1198.6
83,136,3,2,27,4.0,Depok,SHM,760.0
122,142,4,3,22,4.8,Mlati,SHM,966.0
122,253,4,3,25,6.5,Kasihan,SHM,986.4
51,68,1,1,39,3.7,Mlati,SHM,587.3
55,143,2,1,38,1.7,Kasihan,SHM,534.4
155,203,6,3,36,3.1,Kasihan,HGB,949.5
64,157,1,1,2,11.2,Ngaglik,SHM,683.6
59,62,1,1,17,10.3,Depok,SHM,304.7
60,95,3,2,22,8.8,Kasihan,HGB,676.2
118,118,3,2,27,11.7,Mlati,SHM,698.2
70,160,1,1,25,9.6,Ngaglik,SHM,543.3
114,127,5,3,2,8.1,Ngaglik,SHM,832.3
173,331,5,2,37,6.5,Umbulharjo,HGB,2080.6
132,190,4,3,38,5.1,Ngaglik,SHM,1199.4
28,64,1,1,34,3.7,Gamping,SHM,234.5
171,296,5,3,39,3.9,Sewon,SHM,1912.3
118,114,3,2,39,8.3,Mlati,SHM,920.3
69,122,2,1,9,4.9,Umbulharjo,SHM,826.2
106,206,4,3,4,4.0,Kasihan,HGB,869.0
174,360,6,4,6,12.1,Mlati,SHM,1675.8
101,258,3,1,1,6.5,Kasihan,SHM,921.8
81,170,4,2,33,0.4,Gamping,SHM,691.0
76,159,3,1,23,3.2,Gamping,SHM,573.4
80,115,2,2,30,2.1,Sewon,SHM,732.5
90,184,3,1,21,4.0,Depok,Girik,732.1
88,88,2,1,16,3.7,Umbulharjo,Girik,706.5
128,235,4,2,2,2.2,Mlati,SHM,2045.5
154,285,5,3,13,4.7,Ngaglik,SHM,1440.4
71,183,2,1,8,3.6,Ngaglik,HGB,713.4
124,296,4,2,33,24.0,Umbulharjo,SHM,749.6
162,251,5,3,27,12.2,Depok,SHM,1277.2
52,47,1,1,19,6.2,Gamping,SHM,321.5
137,354,4,2,19,4.5,Gamping,SHM,1081.7
84,198,3,2,5,3.2,Sewon,SHM,762.9
133,228,4,2,2,3.5,Depok,SHM,1401.7
199,490,7,3,34,2.6,Depok,SHM,2910.1
126,159,4,3,15,9.5,Ngaglik,SHM,1344.2
87,134,4,2,27,7.9,Ngaglik,HGB,897.0
140,149,4,3,12,7.0,Umbulharjo,SHM,1402.9
54,121,2,1,34,5.9,Gamping,SHM,471.3
93,146,2,1,28,9.1,Mlati,SHM,1022.0
117,271,3,1,1,9.5,Mlati,SHM,1045.6
68,130,2,1,22,7.4,Gamping,SHM,469.2
74,109,2,2,18,2.0,Kasihan,SHM,524.9
99,194,4,3,29,6.9,Mlati,HGB,1494.3
128,165,4,2,9,3.6,Ngaglik,SHM,1607.6
114,219,3,1,27,6.7,Ngaglik,HGB,1044.1
64,127,1,1,4,6.5,Sewon,HGB,458.4
87,172,2,1,9,16.1,Mlati,HGB,425.9
164,187,5,4,14,2.2,Umbulharjo,SHM,1309.3
149,258,4,2,23,9.1,Mlati,SHM,1356.5
53,89,1,1,27,4.3,Mlati,SHM,528.7
72,96,3,1,20,8.7,Depok,HGB,633.1
151,361,5,3,31,3.1,Depok,SHM,1930.4
68,156,1,1,13,3.0,Depok,SHM,959.6
66,162,2,1,24,6.9,Mlati,SHM,612.5
191,420,6,3,13,10.1,Sewon,HGB,1837.0
127,116,4,1,23,2.2,Sewon,HGB,1389.7
242,368,7,5,31,4.5,Gamping,SHM,1596.9
122,220,3,2,11,2.8,Depok,SHM,1690.8
83,144,2,1,3,5.5,Depok,Girik,572.8
65,116,1,1,31,2.9,Mlati,HGB,600.3
165,181,5,2,1,7.2,Gamping,SHM,952.1
80,91,1,1,25,6.1,Kasihan,SHM,611.1
126,258,3,1,7,6.2,Mlati,Girik,675.7
85,83,3,1,13,8.8,Gamping,SHM,479.2
103,179,2,1,6,8.1,Kasihan,SHM,924.9
79,84,3,2,32,7.3,Depok,HGB,744.1
101,257,2,1,26,8.5,Kasihan,SHM,932.1
75,182,4,1,10,9.1,Ngaglik,SHM,1226.7
63,98,2,2,31,1.8,Ngaglik,Girik,405.9
115,223,2,1,5,1.5,Gamping,SHM,1361.8
82,180,2,1,20,5.4,Mlati,SHM,723.7
153,243,7,4,29,8.7,Depok,HGB,1492.0
123,297,6,4,3,15.1,Ngaglik,SHM,1178.1
63,90,2,1,16,4.2,Depok,SHM,786.3
41,80,1,1,2,13.7,Mlati,SHM,324.1
69,164,1,1,23,6.9,Sewon,Girik,431.7
94,188,3,1,13,4.4,Sewon,SHM,877.9
104,234,4,3,18,4.6,Ngaglik,SHM,793.1
54,61,1,1,28,4.6,Kasihan,HGB,439.5
53,48,3,2,18,11.9,Depok,SHM,485.2
143,359,5,2,18,5.1,Ngaglik,SHM,1815.6
53,55,1,1,17,2.8,Kasihan,SHM,403.6
74,67,2,1,30,4.2,Depok,SHM,504.3
81,138,2,1,31,10.4,Umbulharjo,Girik,365.4
128,172,4,1,4,5.7,Mlati,SHM,1583.5
58,140,1,1,36,10.7,Kasihan,SHM,379.2
64,93,3,1,0,4.7,Gamping,SHM,461.2
191,250,6,3,36,5.2,Gamping,SHM,1267.5
96,152,2,1,26,16.3,Sewon,HGB,418.3
136,277,4,3,29,0.5,Depok,Girik,1262.8
66,88,2,1,33,7.2,Umbulharjo,Girik,307.2
82,183,3,2,5,9.1,Sewon,SHM,951.6
107,259,6,3,39,1.9,Kasihan,SHM,1425.4
87,168,3,1,2,4.1,Depok,HGB,902.6
59,72,1,1,22,7.3,Umbulharjo,SHM,599.4
123,244,1,1,20,1.4,Sewon,SHM,759.9
158,311,7,4,30,11.5,Gamping,SHM,1377.4
52,82,1,1,12,6.4,Ngaglik,HGB,402.5
53,95,1,1,25,6.1,Kasihan,SHM,396.6
72,172,2,1,25,11.1,Sewon,HGB,623.6
88,121,1,1,4,3.6,Ngaglik,SHM,877.7
138,223,6,4,14,6.2,Depok,SHM,1941.9
70,169,2,1,6,5.6,Umbulharjo,SHM,792.8
49,120,1,1,9,4.0,Sewon,SHM,492.4
110,258,3,2,18,7.0,Sewon,SHM,1069.8
165,378,6,3,17,5.4,Depok,SHM,2625.1
147,192,6,2,1,1.2,Kasihan,SHM,1321.2
111,202,3,2,11,5.4,Gamping,SHM,607.1
51,89,2,1,19,4.9,Gamping,HGB,536.5
122,146,4,2,14,6.8,Depok,SHM,1066.1
99,194,3,2,11,10.6,Depok,SHM,962.8
96,168,2,1,33,3.3,Umbulharjo,HGB,808.8
157,391,5,2,38,6.7,Umbulharjo,SHM,1253.5
32,43,1,1,12,4.9,Sewon,SHM,252.1
145,242,4,2,6,8.9,Ngaglik,SHM,1750.5
118,279,4,2,38,6.3,Kasihan,HGB,1789.3
187,419,7,4,38,14.1,Depok,Girik,998.0
44,84,1,1,15,6.0,Mlati,SHM,387.8
121,284,3,1,36,9.7,Depok,SHM,1168.3
152,331,5,3,37,12.4,Umbulharjo,SHM,1292.8
81,108,2,2,37,3.2,Gamping,SHM,632.9
93,97,1,1,3,7.6,Depok,HGB,875.6
48,77,2,1,5,3.0,Ngaglik,SHM,480.0
145,165,4,2,39,6.7,Depok,SHM,1096.4
87,182,2,1,26,19.8,Ngaglik,SHM,499.5
87,223,3,1,39,2.2,Umbulharjo,SHM,976.1
45,90,2,1,18,10.4,Depok,SHM,363.1
53,95,1,1,35,7.3,Sewon,SHM,374.3
187,308,5,3,8,12.9,Umbulharjo,SHM,1369.9
168,179,7,4,22,7.6,Ngaglik,SHM,1406.0
66,117,2,1,27,6.8,Depok,HGB,584.3
111,187,3,2,19,4.1,Umbulharjo,SHM,1420.8
179,234,6,3,0,10.6,Mlati,SHM,1415.3
79,135,3,1,11,3.1,Depok,HGB,774.4
43,40,1,1,13,6.3,Kasihan,SHM,266.2
66,64,1,2,25,5.2,Mlati,SHM,521.3
222,435,7,4,32,4.8,Sewon,SHM,1755.5
58,134,2,1,22,5.7,Gamping,SHM,442.3
29,32,3,3,6,4.1,Ngaglik,SHM,470.2
79,73,3,2,7,5.6,Ngaglik,HGB,562.2
104,103,4,2,7,4.4,Depok,SHM,891.2
122,249,3,2,17,11.2,Mlati,Girik,756.8
134,170,3,2,15,4.5,Mlati,SHM,1433.3
66,122,1,1,37,13.1,Kasihan,SHM,629.7
73,137,3,2,6,8.9,Umbulharjo,SHM,657.8
109,269,3,2,24,11.2,Mlati,HGB,738.1
99,169,4,2,31,4.0,Sewon,SHM,908.3
28,32,1,1,10,5.9,Mlati,SHM,224.4
76,148,2,1,15,2.4,Kasihan,SHM,828.3
110,100,4,2,25,2.9,Umbulharjo,SHM,779.5
70,96,2,1,28,8.8,Depok,SHM,763.8
172,416,5,3,0,3.1,Ngaglik,SHM,2384.2
60,138,2,1,10,3.9,Umbulharjo,SHM,600.8
129,299,4,2,26,2.6,Umbulharjo,HGB,2222.7
71,118,1,1,35,11.1,Depok,HGB,607.4
96,106,3,2,2,2.1,Sewon,HGB,845.8
64,75,2,1,35,3.5,Mlati,HGB,412.0
111,235,4,2,4,10.2,Kasihan,SHM,1173.7
112,213,5,3,10,1.4,Sewon,HGB,970.0
117,175,4,2,12,2.7,Umbulharjo,SHM,1579.8
68,151,1,1,12,3.4,Umbulharjo,SHM,597.2
116,184,5,3,17,11.0,Mlati,SHM,752.3
54,60,1,1,1,7.0,Gamping,SHM,387.7
113,146,3,1,18,6.1,Depok,HGB,1251.3
76,116,2,1,4,10.0,Mlati,SHM,600.8
132,177,4,3,0,3.2,Depok,Girik,1611.9
77,86,1,1,35,2.8,Depok,SHM,764.9
64,79,2,1,28,14.8,Kasihan,SHM,464.8
162,355,4,2,14,6.9,Ngaglik,SHM,1711.0
187,473,5,2,18,7.9,Sewon,SHM,1995.6
177,311,5,2,0,2.2,Sewon,SHM,2129.0
85,171,3,2,6,6.2,Sewon,HGB,808.5
129,126,5,3,1,8.5,Umbulharjo,SHM,1411.2
110,200,3,1,21,1.0,Ngaglik,SHM,1094.1
137,333,4,1,7,8.3,Kasihan,HGB,1357.1
92,126,3,1,39,6.0,Mlati,SHM,557.0
144,268,5,2,2,3.4,Sewon,SHM,1371.2
106,214,4,2,3,17.1,Depok,Girik,704.7
53,113,1,1,23,3.8,Sewon,HGB,397.7
166,276,6,4,22,9.7,Umbulharjo,SHM,1795.7
82,139,2,1,34,3.1,Umbulharjo,HGB,562.2
130,168,3,2,17,9.9,Gamping,SHM,1369.7
117,253,4,2,17,12.7,Kasihan,SHM,852.8
108,154,3,1,13,4.0,Gamping,SHM,1142.2
177,294,6,3,12,8.2,Kasihan,HGB,2114.6
96,208,4,2,28,5.2,Depok,SHM,1176.2
77,140,2,1,22,9.9,Umbulharjo,SHM,519.9
36,69,1,1,19,3.6,Gamping,SHM,340.8
142,238,6,3,29,14.6,Sewon,SHM,848.7
41,84,2,1,37,3.1,Depok,SHM,543.8
45,80,3,2,11,5.1,Depok,HGB,580.2
62,105,1,1,5,8.7,Kasihan,HGB,379.2
90,174,2,1,33,6.6,Sewon,SHM,676.2
98,244,2,2,0,10.7,Sewon,SHM,1087.5
67,64,3,2,11,10.9,Umbulharjo,SHM,852.0
122,269,3,1,0,15.2,Depok,HGB,946.6
74,106,3,2,10,4.7,Mlati,SHM,727.7
82,158,2,1,32,2.5,Kasihan,SHM,629.4
70,153,2,1,9,5.9,Sewon,HGB,524.2
86,103,2,1,22,5.1,Ngaglik,SHM,866.9
56,62,3,2,5,4.0,Ngaglik,SHM,711.7
172,235,6,4,19,6.7,Kasihan,SHM,2183.4
106,239,5,3,30,4.9,Gamping,SHM,884.0
153,169,5,2,0,8.4,Mlati,SHM,1472.5
93,136,4,3,13,3.2,Mlati,HGB,1082.6
67,143,3,2,13,10.3,Sewon,SHM,645.5
174,333,5,3,8,7.9,Depok,SHM,2677.0
43,97,1,1,13,1.1,Kasihan,HGB,532.0
99,132,3,1,31,3.8,Kasihan,SHM,789.5
74,155,2,1,39,6.2,Umbulharjo,SHM,633.2
179,285,5,3,37,2.2,Mlati,SHM,1900.7
139,208,5,3,34,5.8,Sewon,HGB,789.2
69,177,2,1,14,4.5,Mlati,HGB,647.0
72,168,3,2,7,15.3,Depok,HGB,527.1
82,89,3,1,18,3.2,Kasihan,SHM,731.8
139,323,5,4,1,2.5,Depok,SHM,2015.8
104,218,2,1,11,8.7,Gamping,HGB,1051.3
55,113,3,3,36,6.1,Ngaglik,SHM,692.4
83,151,2,1,24,4.3,Mlati,SHM,561.0
104,244,2,1,18,13.4,Mlati,SHM,873.2
78,120,1,1,22,5.4,Depok,SHM,861.9
138,195,6,4,32,7.9,Sewon,HGB,1043.7
89,84,3,2,34,3.8,Umbulharjo,SHM,675.0
63,100,2,1,16,4.8,Gamping,SHM,876.9
132,184,4,2,26,5.9,Mlati,SHM,1094.6
89,189,3,2,5,6.8,Umbulharjo,SHM,1027.2
129,255,4,2,21,5.2,Umbulharjo,Girik,1402.8
117,183,4,3,12,7.6,Sewon,SHM,1181.0
80,109,2,1,27,6.4,Kasihan,SHM,511.1
125,268,4,2,2,3.3,Umbulharjo,HGB,1410.8
115,197,3,2,8,7.3,Mlati,HGB,1024.2
36,49,1,1,5,4.2,Mlati,HGB,326.7
138,138,4,3,12,10.0,Mlati,SHM,1228.2
117,207,4,2,34,5.5,Umbulharjo,HGB,1087.6
68,150,1,1,0,8.9,Mlati,SHM,553.7
72,66,1,1,30,1.1,Kasihan,SHM,740.9
77,162,2,1,16,7.6,Umbulharjo,SHM,889.2
70,75,2,1,36,6.7,Kasihan,Girik,369.4
118,110,4,2,25,11.1,Gamping,SHM,573.8
109,182,2,1,22,6.4,Mlati,SHM,811.7
83,152,3,2,4,1.0,Depok,SHM,1036.1
96,164,3,2,29,8.6,Sewon,HGB,850.0
47,87,2,1,9,5.6,Depok,SHM,778.7
105,138,4,2,19,10.9,Mlati,Girik,448.2
74,162,2,1,22,1.8,Kasihan,HGB,951.9
37,51,1,1,13,6.5,Gamping,HGB,226.7
83,142,3,1,22,1.8,Depok,SHM,1193.7
84,110,2,1,23,14.2,Depok,SHM,1100.3
111,226,3,1,15,3.4,Kasihan,SHM,1087.4
54,59,2,1,39,3.7,Ngaglik,SHM,476.6
51,100,1,1,4,6.4,Mlati,Girik,379.2
144,363,5,3,30,2.3,Gamping,HGB,1542.3
54,68,3,2,22,5.6,Mlati,SHM,417.5
111,201,3,2,27,4.2,Sewon,HGB,747.1
87,120,3,1,16,1.5,Depok,SHM,1053.7
175,210,5,4,23,1.7,Gamping,SHM,1134.1
73,116,3,2,26,7.6,Kasihan,SHM,570.3
155,155,5,3,24,9.5,Umbulharjo,HGB,1659.4
95,235,4,2,12,11.2,Depok,HGB,1393.9
95,165,3,2,1,4.6,Mlati,HGB,911.5
94,137,2,1,37,8.4,Gamping,HGB,351.1
75,158,3,1,16,5.7,Mlati,SHM,922.1
129,134,3,2,39,6.9,Umbulharjo,SHM,841.9
71,117,2,2,33,2.3,Ngaglik,SHM,707.3
163,206,4,2,38,2.1,Depok,Girik,1982.1
118,153,5,4,26,7.1,Mlati,SHM,1036.5
91,115,3,1,34,7.7,Gamping,Girik,430.3
141,196,4,3,13,10.0,Mlati,HGB,1035.0
124,320,4,2,17,6.0,Ngaglik,HGB,1251.8
55,91,2,1,18,4.2,Ngaglik,SHM,641.4
98,242,2,2,12,6.4,Kasihan,HGB,986.6
64,63,2,1,28,3.0,Sewon,HGB,549.9
163,385,6,3,28,7.6,Depok,HGB,1065.9
99,172,3,1,38,4.6,Sewon,SHM,938.8
136,274,5,3,24,11.5,Kasihan,SHM,1648.3
66,110,3,2,36,5.6,Depok,HGB,824.9
55,111,2,1,9,6.2,Gamping,SHM,668.2
97,199,2,2,37,4.7,Ngaglik,SHM,706.1
42,75,1,1,13,4.6,Mlati,SHM,343.1
92,195,3,1,26,3.1,Kasihan,SHM,901.0
131,287,3,2,36,7.7,Sewon,SHM,826.5
153,242,4,2,4,10.2,Gamping,SHM,1366.3
106,134,4,3,20,2.3,Ngaglik,SHM,1013.5
123,203,4,1,1,9.9,Umbulharjo,SHM,1107.8
53,48,2,1,14,6.3,Depok,SHM,495.1
108,209,3,2,2,1.0,Kasihan,SHM,1031.7
328,616,7,2,22,8.7,Kasihan,SHM,2926.7
66,162,2,1,19,4.5,Depok,HGB,800.9
46,52,1,1,16,6.0,Mlati,SHM,323.3
223,222,7,4,16,7.9,Sewon,SHM,1563.8
169,155,5,3,2,8.4,Kasihan,SHM,1074.8
143,308,6,5,37,5.7,Kasihan,SHM,1312.1
122,218,5,3,22,5.4,Mlati,SHM,1044.0
73,124,2,1,16,3.1,Umbulharjo,HGB,711.6
72,68,2,1,20,4.0,Ngaglik,SHM,749.8
81,196,3,1,7,3.2,Ngaglik,HGB,842.1
106,216,3,2,17,2.5,Mlati,SHM,1014.5
117,282,4,2,1,4.8,Mlati,HGB,1316.1
118,180,4,2,7,3.4,Depok,HGB,1264.5
105,189,3,2,32,3.4,Sewon,SHM,941.5
57,78,1,1,32,8.0,Gamping,SHM,272.9
52,53,1,1,19,1.9,Gamping,SHM,446.5
81,175,2,1,19,13.8,Mlati,SHM,560.3
115,257,4,3,39,11.0,Umbulharjo,SHM,1217.2
125,305,4,2,28,6.0,Sewon,SHM,1538.3
50,124,2,1,0,3.4,Kasihan,SHM,448.3
172,240,6,3,24,3.9,Sewon,HGB,1263.4
163,331,5,2,15,7.3,Depok,SHM,3000.1
280,268,7,4,14,13.4,Mlati,SHM,2074.8
61,134,2,1,25,9.0,Mlati,SHM,525.3
73,116,3,2,1,6.0,Ngaglik,SHM,815.7
78,148,4,3,23,6.2,Sewon,SHM,510.6
148,237,4,2,29,3.2,Ngaglik,HGB,1987.4
75,95,3,3,13,7.1,Ngaglik,SHM,777.7
163,191,4,2,30,3.1,Umbulharjo,SHM,1902.4
58,124,2,1,7,3.8,Depok,SHM,744.4
73,105,3,1,14,2.2,Gamping,HGB,476.2
107,172,3,2,7,3.2,Mlati,SHM,1172.9
66,140,1,1,14,2.3,Ngaglik,HGB,485.0
113,114,3,1,17,7.0,Gamping,Girik,546.4
56,91,2,1,33,10.3,Umbulharjo,SHM,397.3
98,91,3,1,24,6.3,Depok,SHM,1067.4
155,241,5,2,0,2.0,Ngaglik,SHM,2551.9
126,300,5,3,15,4.5,Mlati,HGB,1072.9
45,88,2,1,19,2.4,Sewon,HGB,471.5
184,275,7,4,9,3.0,Kasihan,SHM,1543.7
112,257,3,2,30,3.5,Umbulharjo,SHM,858.2
97,136,3,2,39,7.2,Depok,SHM,1125.5
69,127,2,1,23,12.7,Mlati,SHM,383.8
74,95,3,1,17,5.2,Depok,HGB,746.2
52,91,1,1,13,7.1,Mlati,SHM,458.7
151,365,6,4,6,8.7,Gamping,HGB,1532.7
103,100,2,1,0,5.7,Sewon,HGB,831.6
165,316,6,4,18,3.6,Ngaglik,SHM,1866.4
166,382,5,3,6,5.2,Ngaglik,SHM,2546.8
103,114,2,2,24,4.6,Kasihan,SHM,1022.7
94,190,4,2,38,13.9,Ngaglik,Girik,678.3
46,105,1,1,9,6.0,Umbulharjo,SHM,418.5
133,207,4,2,36,4.8,Depok,SHM,1641.8
87,144,3,2,33,7.9,Ngaglik,SHM,670.1
106,115,3,2,0,6.7,Umbulharjo,HGB,948.7
57,135,2,1,32,8.1,Gamping,HGB,395.7
89,221,3,2,9,5.9,Kasihan,SHM,1029.5
59,88,2,1,4,2.3,Depok,SHM,854.5
127,313,3,1,9,9.1,Kasihan,SHM,1110.3
99,184,4,3,24,1.1,Mlati,SHM,905.1
158,173,5,2,3,8.9,Umbulharjo,SHM,1512.5
102,136,4,2,10,4.4,Sewon,HGB,648.6
93,153,3,3,8,2.1,Mlati,SHM,694.9
110,108,5,2,13,8.6,Umbulharjo,SHM,788.7
96,148,4,2,22,3.0,Gamping,SHM,771.5
52,77,1,1,2,4.5,Depok,SHM,716.4
147,154,4,3,22,2.7,Mlati,HGB,1338.4
96,188,2,1,4,6.1,Sewon,SHM,857.5
117,296,4,2,17,8.3,Kasihan,HGB,962.4
42,63,2,1,10,5.8,Umbulharjo,HGB,400.0
93,90,3,1,32,3.9,Depok,HGB,887.2
89,191,3,2,25,8.0,Mlati,SHM,596.0
71,160,4,2,30,9.9,Ngaglik,SHM,562.6
86,221,4,3,13,5.4,Depok,SHM,1090.5
114,275,4,3,39,2.6,Depok,SHM,1532.0
78,171,2,1,8,7.7,Sewon,SHM,774.1
55,101,1,1,5,4.1,Ngaglik,SHM,613.3
120,117,4,2,22,3.1,Umbulharjo,SHM,891.9
126,126,4,3,39,3.0,Sewon,SHM,920.6
103,174,2,1,23,3.9,Mlati,SHM,819.2
65,97,2,1,29,6.4,Gamping,SHM,380.4
85,145,3,1,31,2.8,Gamping,HGB,479.4
130,291,5,3,5,4.5,Gamping,Girik,1173.2
169,161,4,3,31,3.9,Ngaglik,SHM,1735.7
179,241,6,3,34,7.1,Gamping,SHM,1220.9
220,256,5,2,0,7.5,Depok,SHM,1668.9
44,41,1,2,26,9.3,Mlati,HGB,307.2
145,368,4,2,7,5.7,Kasihan,HGB,1375.0
131,165,5,3,31,2.9,Kasihan,SHM,1440.7
112,172,3,2,31,4.3,Depok,SHM,1105.4
92,129,4,2,24,9.5,Sewon,SHM,508.1
156,287,3,1,5,8.9,Umbulharjo,SHM,1138.7
73,181,1,1,31,4.6,Mlati,SHM,702.0
67,103,2,2,32,3.2,Umbulharjo,HGB,512.2
72,145,3,1,31,4.1,Gamping,SHM,516.0
82,133,4,2,17,3.1,Gamping,HGB,769.3
49,47,1,1,4,5.2,Sewon,SHM,459.7
129,238,3,2,19,11.2,Kasihan,SHM,752.7
36,83,2,1,21,9.5,Kasihan,HGB,329.4
123,249,4,2,25,1.7,Ngaglik,HGB,901.2
99,122,3,1,15,6.7,Sewon,HGB,1041.3
79,150,1,1,0,1.3,Depok,HGB,903.7
60,93,1,1,15,6.6,Kasihan,SHM,516.2
100,233,4,2,32,3.9,Sewon,SHM,914.3
173,313,5,3,4,3.3,Kasihan,SHM,2457.7
98,227,3,1,11,6.5,Umbulharjo,SHM,1184.8
78,84,2,1,10,13.8,Gamping,HGB,452.9
124,212,4,2,5,6.7,Kasihan,HGB,1206.5
135,150,4,2,0,7.2,Mlati,SHM,1040.1
92,87,2,3,18,8.7,Umbulharjo,SHM,602.5
91,103,3,2,15,5.1,Mlati,HGB,678.4
169,373,5,3,23,8.5,Ngaglik,SHM,1659.1
71,103,3,2,31,4.4,Kasihan,SHM,747.3
213,463,7,3,12,5.6,Umbulharjo,HGB,2321.8
94,214,3,2,21,8.2,Ngaglik,SHM,724.1
116,266,3,2,0,4.6,Depok,SHM,1876.3
96,151,4,2,32,17.4,Gamping,Girik,510.2
134,169,4,2,6,14.3,Mlati,SHM,1047.3
44,67,2,2,2,2.1,Mlati,SHM,413.5
101,107,3,2,16,4.1,Gamping,SHM,601.6
99,140,3,1,21,7.1,Depok,SHM,1040.4
85,108,1,1,16,4.1,Umbulharjo,SHM,876.5
88,96,3,3,8,3.8,Depok,Girik,936.6
121,189,3,1,30,3.0,Umbulharjo,SHM,1270.1
98,108,2,1,5,5.0,Depok,SHM,811.0
190,225,7,4,37,6.2,Ngaglik,SHM,1309.4
124,170,4,2,3,5.3,Ngaglik,SHM,1651.9
212,362,6,3,28,5.6,Depok,SHM,3178.1
43,75,1,1,35,7.0,Gamping,HGB,338.7
185,183,6,3,29,7.4,Umbulharjo,SHM,1384.9
154,245,4,3,8,3.4,Gamping,SHM,1458.5
52,116,2,1,6,7.1,Sewon,SHM,613.2
86,100,3,2,9,13.1,Mlati,SHM,735.3
86,195,4,2,16,6.2,Kasihan,HGB,735.2
53,73,2,1,24,9.7,Kasihan,SHM,393.3
129,247,4,1,36,4.8,Umbulharjo,SHM,1287.1
85,152,4,3,17,9.7,Depok,SHM,1185.4
210,217,7,4,6,5.4,Sewon,SHM,1731.8
58,60,2,1,6,7.6,Kasihan,SHM,594.4
104,163,2,2,36,6.9,Depok,SHM,1079.6
117,113,6,4,21,3.5,Depok,SHM,973.1
218,277,7,4,14,7.0,Kasihan,HGB,2099.6
50,90,2,2,21,5.1,Gamping,SHM,340.1
124,290,5,3,15,6.4,Ngaglik,SHM,1795.1
197,231,6,3,17,3.6,Kasihan,SHM,1732.7
111,150,2,1,23,5.7,Mlati,SHM,637.5
107,111,3,1,17,2.6,Depok,SHM,1157.5
131,316,4,2,5,9.5,Umbulharjo,SHM,1406.7
67,81,3,2,28,10.0,Kasihan,SHM,419.2
92,148,4,1,8,5.0,Gamping,HGB,627.2
113,132,3,2,28,7.7,Kasihan,HGB,1072.8
82,168,2,1,7,15.2,Mlati,SHM,869.8
109,176,4,2,37,2.4,Depok,SHM,1364.9
76,186,2,2,3,2.5,Gamping,SHM,902.7
54,122,3,1,26,3.5,Depok,SHM,785.9
85,115,1,1,5,7.1,Ngaglik,SHM,654.4
87,87,2,1,2,5.7,Kasihan,SHM,497.7
188,480,6,3,23,3.6,Mlati,HGB,1857.2
119,259,3,2,21,11.0,Mlati,Girik,573.4
72,133,3,3,38,11.7,Kasihan,SHM,421.6
54,66,1,1,12,9.3,Umbulharjo,HGB,455.2
103,245,4,3,27,6.0,Depok,HGB,1181.8
95,99,3,1,31,2.7,Umbulharjo,HGB,834.9
68,63,1,1,30,2.4,Sewon,SHM,477.9
158,144,5,3,1,7.1,Gamping,HGB,942.1
81,198,1,1,4,12.5,Depok,SHM,926.9
47,109,1,2,25,7.1,Gamping,SHM,436.4
112,125,4,2,20,1.9,Mlati,SHM,1060.1
152,184,6,4,28,8.6,Mlati,Girik,882.9
76,85,2,1,38,1.4,Depok,HGB,646.5
112,192,4,1,34,9.4,Kasihan,SHM,754.0
52,108,2,1,29,10.0,Kasihan,SHM,526.8
97,183,3,1,18,8.6,Kasihan,SHM,833.8
57,77,2,1,19,1.0,Kasihan,HGB,504.4
117,278,5,3,37,9.3,Mlati,SHM,881.5
102,205,2,1,25,5.4,Mlati,HGB,944.9
96,106,4,2,0,6.9,Gamping,SHM,877.6
83,201,3,1,36,1.0,Ngaglik,HGB,706.9
172,221,7,4,28,3.7,Depok,HGB,1879.1
62,148,2,2,2,2.8,Mlati,SHM,688.6
186,447,6,4,10,11.0,Mlati,SHM,1739.2
65,100,1,1,11,5.9,Gamping,SHM,529.4
96,235,2,1,35,5.5,Umbulharjo,SHM,1024.2
46,48,1,1,11,3.9,Depok,HGB,346.5
101,156,2,1,5,4.8,Kasihan,SHM,926.5
143,146,4,2,7,1.9,Ngaglik,SHM,1569.3
128,212,5,3,28,1.9,Umbulharjo,SHM,1188.6
108,245,4,2,31,4.5,Mlati,SHM,1688.0
136,161,4,2,9,5.6,Ngaglik,SHM,1415.4
77,163,1,1,27,3.2,Kasihan,SHM,783.2
74,120,3,1,2,5.8,Gamping,SHM,808.5
208,526,6,3,12,6.0,Umbulharjo,SHM,2963.1
38,57,1,1,5,5.2,Kasihan,SHM,474.8
112,277,4,2,26,8.8,Mlati,HGB,795.6
101,216,3,2,33,4.1,Kasihan,SHM,1269.0
194,201,5,2,14,5.3,Ngaglik,HGB,1542.4
129,233,6,3,13,2.2,Umbulharjo,Girik,1079.7
73,184,3,1,23,5.1,Sewon,SHM,888.3
97,222,2,1,39,14.8,Sewon,HGB,706.7
95,178,3,2,6,3.9,Mlati,SHM,1276.8
134,307,4,2,15,5.9,Kasihan,HGB,1270.1
140,224,4,2,20,8.1,Umbulharjo,HGB,1199.7
46,75,1,1,21,3.4,Umbulharjo,HGB,351.9
75,84,2,1,36,1.7,Sewon,HGB,418.9
92,230,2,1,31,3.6,Umbulharjo,SHM,930.9
109,203,3,2,36,3.7,Mlati,SHM,1252.5
93,232,1,1,38,4.8,Umbulharjo,SHM,888.6
186,208,6,3,10,4.8,Gamping,SHM,1586.1
67,172,3,2,24,2.1,Sewon,SHM,738.1
64,101,1,1,32,2.3,Depok,SHM,741.3
64,164,2,1,14,1.9,Mlati,HGB,659.2
109,182,2,1,29,7.3,Kasihan,SHM,1106.9
156,271,4,1,28,2.8,Kasihan,SHM,1527.7
74,151,2,1,16,3.8,Mlati,SHM,1013.0
160,221,5,3,7,4.9,Umbulharjo,SHM,1970.5
39,94,1,1,24,6.2,Kasihan,HGB,252.2
79,166,3,1,12,4.9,Depok,SHM,1086.2
58,105,3,2,36,24.0,Ngaglik,Girik,230.7
96,122,4,2,16,13.0,Mlati,SHM,700.1
158,286,6,3,26,1.0,Gamping,HGB,1518.2
99,208,3,2,9,18.0,Ngaglik,SHM,808.6
141,211,4,1,27,9.2,Depok,Girik,879.7
112,141,3,2,5,4.6,Umbulharjo,HGB,890.0
100,193,3,1,13,2.8,Depok,HGB,987.2
97,193,3,2,7,2.9,Kasihan,Girik,930.9
67,103,3,3,20,9.4,Mlati,HGB,626.0
141,340,4,1,25,4.9,Kasihan,SHM,1569.0
68,85,2,1,28,6.7,Kasihan,Girik,359.2
45,64,1,1,38,3.3,Gamping,HGB,281.0
52,118,1,1,32,12.9,Ngaglik,SHM,441.9
88,207,3,2,21,5.6,Sewon,SHM,895.8
63,98,1,1,16,4.5,Sewon,SHM,483.1
62,103,2,1,16,2.9,Ngaglik,SHM,523.0
81,205,5,4,14,4.8,Ngaglik,SHM,1645.7
73,138,1,1,39,5.3,Sewon,HGB,544.2
93,89,3,1,31,11.4,Gamping,HGB,390.7
64,81,2,1,1,12.8,Umbulharjo,SHM,677.1
108,153,3,1,38,5.3,Ngaglik,SHM,844.7
55,105,2,1,32,10.8,Ngaglik,SHM,345.7
88,81,4,3,10,3.1,Gamping,SHM,646.0
56,75,2,1,36,3.3,Sewon,HGB,373.8
131,313,4,2,11,7.5,Ngaglik,HGB,1035.2
68,157,3,1,5,3.5,Depok,SHM,1009.9
84,179,3,1,32,5.0,Depok,SHM,918.2
82,75,2,1,34,3.2,Umbulharjo,SHM,513.0
59,63,2,1,19,12.9,Ngaglik,HGB,394.4
129,124,4,2,30,6.3,Ngaglik,SHM,844.4
57,106,2,1,25,1.8,Ngaglik,SHM,568.9
101,253,2,2,7,4.6,Kasihan,HGB,927.1
95,135,3,1,18,5.1,Depok,HGB,813.2
54,52,3,2,36,7.8,Ngaglik,HGB,412.6
87,202,4,3,23,10.1,Gamping,SHM,838.2
129,139,4,2,2,3.6,Depok,SHM,1397.5
110,269,3,2,21,7.1,Gamping,SHM,1312.4
83,149,3,1,27,8.4,Mlati,SHM,525.9
68,163,2,1,32,10.5,Sewon,Girik,481.6
96,212,2,2,23,6.8,Sewon,SHM,718.1
52,78,3,1,16,12.6,Depok,HGB,300.5
70,67,1,1,9,4.6,Gamping,SHM,591.3
217,425,7,4,18,2.0,Depok,HGB,2450.8
79,97,1,1,4,4.2,Depok,HGB,702.2
123,126,4,2,26,9.3,Ngaglik,SHM,1015.5
132,252,2,1,8,6.9,Sewon,SHM,1264.6
158,317,4,2,34,12.2,Ngaglik,SHM,1092.6
58,141,1,1,2,12.3,Sewon,SHM,383.3
94,104,2,1,30,5.3,Gamping,SHM,939.5
60,103,1,1,31,4.2,Mlati,SHM,476.7
91,156,3,1,2,11.7,Umbulharjo,SHM,906.8
96,243,3,1,9,10.0,Ngaglik,Girik,988.8
64,101,3,1,25,4.7,Kasihan,SHM,666.5
90,125,2,2,33,9.5,Umbulharjo,HGB,769.4
100,191,3,1,29,1.8,Depok,SHM,916.0
72,130,2,1,11,4.7,Umbulharjo,HGB,774.7
68,94,1,1,29,3.1,Sewon,HGB,335.7
57,116,3,2,32,5.8,Depok,HGB,732.4
89,127,3,1,12,7.3,Umbulharjo,SHM,670.1
58,133,2,2,26,11.6,Ngaglik,SHM,418.7
114,266,2,2,3,9.6,Mlati,SHM,1134.3
103,188,3,1,21,6.6,Umbulharjo,SHM,1060.4
152,338,5,3,38,10.1,Ngaglik,SHM,1724.5
53,60,1,1,0,5.0,Gamping,Girik,478.0
63,114,3,2,1,3.1,Gamping,Girik,573.4
115,277,4,2,8,2.9,Ngaglik,SHM,1374.8
92,128,2,1,26,4.6,Kasihan,HGB,847.4
94,124,1,1,6,5.4,Sewon,SHM,783.7
101,223,3,2,15,4.0,Umbulharjo,SHM,1083.0
73,136,3,3,11,2.2,Ngaglik,HGB,659.7
70,140,2,1,11,11.0,Ngaglik,HGB,597.2
50,53,3,2,24,3.8,Depok,Girik,363.1
66,156,1,1,21,6.1,Depok,SHM,642.0
96,118,3,1,17,5.0,Depok,HGB,757.0
184,432,7,4,32,10.5,Depok,SHM,1802.5
49,76,2,2,24,7.5,Gamping,SHM,372.9
66,168,2,1,25,12.1,Umbulharjo,SHM,526.6
125,127,3,2,2,4.0,Gamping,HGB,1079.3
104,215,2,1,39,4.0,Mlati,SHM,1043.9
88,207,2,1,15,5.3,Sewon,SHM,660.2
72,69,2,1,36,2.1,Umbulharjo,SHM,495.5
178,215,6,3,27,8.6,Ngaglik,HGB,1824.6
96,222,3,2,20,4.9,Depok,HGB,866.8
65,157,2,2,4,4.8,Mlati,SHM,874.3
149,383,4,2,2,9.7,Umbulharjo,Girik,1139.5
96,112,4,2,28,6.7,Ngaglik,SHM,1150.5
108,208,4,3,37,10.9,Sewon,HGB,956.3
92,120,3,2,8,8.3,Depok,SHM,627.0
125,149,4,3,11,4.7,Mlati,SHM,1263.3
89,204,2,1,24,9.6,Sewon,HGB,639.5
198,352,5,3,32,1.8,Gamping,HGB,1658.5
102,179,3,2,9,11.9,Depok,SHM,899.3
64,65,2,2,4,4.8,Gamping,Girik,483.7
83,162,3,3,7,7.8,Sewon,HGB,650.4
68,75,3,1,19,17.3,Gamping,SHM,465.6
197,387,4,2,30,1.9,Kasihan,HGB,1956.1
110,214,4,2,10,5.0,Sewon,SHM,1110.8
121,277,4,2,16,6.0,Gamping,SHM,1093.5
148,376,5,3,0,2.3,Depok,HGB,1662.5
59,102,1,1,5,6.8,Gamping,SHM,315.3
155,374,4,3,33,7.1,Umbulharjo,SHM,1517.2
65,78,3,2,32,6.2,Gamping,HGB,440.5
75,86,3,2,39,7.4,Ngaglik,SHM,627.7
115,222,3,2,37,5.5,Depok,Girik,877.8
63,77,3,1,24,9.6,Kasihan,SHM,311.3
117,172,3,2,21,7.7,Sewon,SHM,543.9
214,320,7,4,32,7.8,Sewon,HGB,1849.2
126,218,4,2,5,3.1,Mlati,SHM,1455.4
162,260,4,3,3,2.7,Ngaglik,SHM,1566.7
223,548,7,4,12,6.2,Mlati,SHM,2307.7
109,247,2,1,23,5.7,Ngaglik,SHM,809.8
135,314,4,2,11,6.7,Kasihan,SHM,1302.6
33,32,1,1,26,4.2,Umbulharjo,SHM,295.7
100,221,4,3,39,4.4,Depok,SHM,1343.6
98,232,3,2,25,7.7,Depok,SHM,950.2
79,146,2,1,36,7.7,Mlati,SHM,745.4
89,223,4,2,31,7.7,Depok,SHM,1127.9
147,328,6,4,5,4.8,Depok,HGB,1870.1
147,381,5,2,24,2.5,Umbulharjo,SHM,1818.0
121,208,5,3,33,7.0,Gamping,SHM,1030.6
52,95,1,1,2,6.3,Kasihan,SHM,631.5
57,104,2,1,22,2.8,Ngaglik,SHM,691.6
124,260,4,1,9,5.1,Depok,HGB,1301.7
69,98,1,1,26,11.0,Gamping,HGB,339.7
87,206,3,1,30,5.2,Kasihan,SHM,584.1
91,213,3,3,16,9.5,Mlati,HGB,929.5
50,49,1,1,19,12.6,Gamping,SHM,303.8
52,77,2,2,8,8.8,Umbulharjo,SHM,344.6
61,74,3,1,8,5.5,Sewon,SHM,696.5
47,113,2,1,34,4.0,Depok,SHM,522.6
193,282,5,2,29,1.5,Mlati,SHM,1780.7
43,83,1,1,19,7.4,Gamping,HGB,363.6
90,182,2,1,8,3.1,Gamping,SHM,645.2
114,294,4,2,16,2.4,Kasihan,SHM,2297.3
114,258,4,2,16,6.6,Depok,HGB,788.4
95,140,4,2,7,4.3,Gamping,SHM,1150.6
64,118,2,1,13,6.7,Sewon,SHM,528.4
47,76,1,1,26,3.0,Kasihan,SHM,393.9
56,117,2,1,13,14.1,Gamping,HGB,403.2
96,150,3,2,30,5.0,Mlati,HGB,637.5
104,141,3,2,2,2.6,Ngaglik,SHM,857.3
139,229,4,2,3,12.3,Gamping,SHM,623.1
101,179,2,1,13,4.5,Kasihan,SHM,986.9
106,184,4,3,29,4.9,Gamping,SHM,869.1
164,229,5,3,16,4.9,Depok,SHM,1900.2
116,154,2,1,23,3.7,Gamping,SHM,511.5
108,267,3,1,26,10.4,Gamping,SHM,1095.5
80,167,3,2,32,4.0,Sewon,HGB,520.4
28,59,2,1,31,4.5,Mlati,SHM,240.7
44,45,1,1,23,4.3,Gamping,SHM,419.1
114,162,2,1,24,3.3,Depok,SHM,782.9
43,64,2,1,17,5.0,Depok,SHM,558.0
104,116,2,1,25,5.5,Ngaglik,HGB,836.9
65,141,2,1,26,10.2,Depok,SHM,525.3
68,112,1,1,24,4.5,Gamping,Girik,614.0
101,227,4,2,5,2.2,Ngaglik,HGB,1342.2
84,164,3,2,29,3.0,Mlati,SHM,692.9
118,260,3,2,5,6.2,Depok,SHM,1447.7
70,108,3,1,0,10.9,Kasihan,SHM,771.5
103,259,3,2,35,9.8,Depok,HGB,919.3
108,197,4,2,14,6.8,Ngaglik,SHM,1247.7
60,114,1,1,11,2.5,Gamping,HGB,602.1
92,181,2,1,28,1.6,Mlati,SHM,1120.2
97,182,4,3,14,7.4,Mlati,HGB,732.9
86,190,2,1,17,1.4,Ngaglik,HGB,1075.2
55,103,1,1,11,3.1,Mlati,SHM,606.6
68,105,2,2,15,8.5,Kasihan,Girik,587.2
93,145,3,2,0,9.4,Kasihan,HGB,752.6
37,76,2,1,8,13.0,Umbulharjo,SHM,274.8
103,145,4,2,13,8.8,Kasihan,Girik,675.6
159,376,5,4,7,2.7,Kasihan,SHM,1402.2
64,134,3,2,8,4.9,Gamping,SHM,625.9
74,189,4,2,13,7.1,Gamping,Girik,537.9
58,142,1,1,25,3.5,Umbulharjo,SHM,746.4
156,306,6,4,38,4.6,Depok,SHM,1489.4
145,299,4,2,16,3.8,Kasihan,SHM,1641.0
90,133,2,1,24,2.6,Umbulharjo,HGB,858.7
104,247,3,3,30,8.3,Umbulharjo,SHM,776.3
64,150,3,1,7,17.0,Depok,SHM,500.2
116,300,3,1,18,9.7,Umbulharjo,HGB,1273.8
87,98,1,1,10,2.1,Kasihan,SHM,607.7
94,133,4,2,20,8.6,Depok,HGB,938.1
148,226,5,4,23,8.3,Mlati,HGB,1367.8
38,88,1,1,35,2.8,Depok,SHM,399.3
112,217,4,2,13,3.2,Ngaglik,SHM,1461.8
131,291,3,2,26,2.7,Depok,SHM,1340.2
146,294,4,2,4,3.7,Mlati,SHM,1864.8
100,192,3,2,27,4.6,Depok,SHM,875.1
80,124,3,1,23,5.3,Umbulharjo,SHM,694.0
45,53,2,1,38,2.8,Mlati,SHM,510.9
157,397,5,3,33,1.4,Mlati,Girik,1268.5
40,42,1,1,14,6.2,Ngaglik,SHM,397.4
89,89,3,1,29,6.3,Sewon,SHM,521.3
101,136,4,2,4,5.2,Sewon,SHM,1415.4
126,227,4,3,5,8.0,Depok,HGB,1575.4
101,178,2,1,1,0.9,Umbulharjo,SHM,1236.0
128,178,5,2,2,10.6,Gamping,SHM,1018.8
135,305,7,3,0,2.8,Depok,SHM,2134.8
76,92,3,2,32,4.5,Depok,SHM,737.6
166,420,5,3,29,7.9,Sewon,HGB,1658.5
135,208,5,1,25,13.9,Ngaglik,SHM,1336.6
57,66,1,1,27,3.3,Gamping,HGB,355.6
144,304,6,4,4,4.6,Mlati,SHM,1783.8
85,206,3,2,23,4.3,Umbulharjo,SHM,894.1
49,124,1,1,8,5.1,Gamping,Girik,395.9
96,95,4,2,6,9.1,Depok,SHM,844.7
125,212,4,3,15,1.4,Depok,SHM,1762.1
59,97,1,1,0,10.9,Ngaglik,SHM,439.9
69,101,3,2,28,15.7,Sewon,Girik,338.3
66,119,2,2,31,11.3,Mlati,Girik,351.9
55,56,3,2,16,1.8,Umbulharjo,SHM,579.5
100,103,3,3,5,5.8,Sewon,SHM,716.7
63,105,1,1,8,4.3,Sewon,SHM,742.3
132,147,5,2,37,5.2,Kasihan,SHM,944.2
119,245,3,2,38,7.8,Ngaglik,SHM,910.8
78,193,4,2,28,6.7,Sewon,SHM,684.6
48,78,1,1,29,5.7,Depok,SHM,625.7
131,124,4,3,24,5.1,Sewon,SHM,1317.9
137,216,5,3,14,4.4,Kasihan,HGB,1238.7
79,133,2,1,4,7.2,Depok,HGB,874.6
81,128,3,2,38,4.7,Depok,SHM,838.8
74,84,1,1,28,3.6,Kasihan,HGB,483.4
72,185,1,1,5,5.3,Sewon,HGB,599.8
86,178,2,1,33,6.5,Depok,SHM,643.3
140,297,5,2,8,5.2,Mlati,SHM,1931.6
71,134,1,1,5,2.2,Mlati,SHM,779.0
128,235,4,3,3,4.0,Mlati,HGB,1091.1
88,139,3,1,25,13.7,Ngaglik,SHM,713.0
65,133,3,1,6,0.7,Kasihan,HGB,754.9
110,154,3,2,19,10.3,Ngaglik,SHM,963.0
59,141,1,1,28,2.2,Depok,SHM,592.0
48,65,2,2,31,2.5,Depok,HGB,583.7
62,125,1,1,9,1.6,Gamping,SHM,428.2
134,124,4,2,5,2.7,Depok,Girik,641.3
62,101,1,1,20,14.3,Mlati,SHM,437.6
200,232,7,4,17,7.2,Depok,HGB,2499.4
236,290,7,4,9,4.3,Mlati,Girik,2219.6
44,93,2,1,15,7.7,Depok,HGB,306.5
95,142,3,2,25,6.4,Depok,SHM,916.5
66,142,2,1,22,2.9,Kasihan,SHM,514.7
59,144,1,1,29,6.4,Kasihan,HGB,518.4
82,179,3,2,32,4.8,Mlati,HGB,666.0
115,131,3,2,26,8.8,Umbulharjo,SHM,709.6
59,140,3,2,21,3.1,Gamping,SHM,688.7
58,122,3,2,23,3.3,Sewon,SHM,356.0
45,83,1,1,17,5.3,Mlati,HGB,420.7
94,167,4,2,35,4.0,Sewon,HGB,642.0
184,290,5,4,17,7.6,Sewon,SHM,2678.1
101,234,3,2,3,6.5,Kasihan,SHM,1093.6
51,72,2,1,35,5.1,Kasihan,HGB,332.8
108,144,3,1,27,4.3,Mlati,HGB,1195.1
98,122,2,1,20,3.9,Sewon,SHM,878.3
76,130,2,1,14,7.8,Mlati,SHM,649.1
167,235,5,3,19,1.4,Mlati,HGB,2074.6
56,113,4,2,3,5.0,Kasihan,Girik,379.3
38,80,1,2,12,3.0,Sewon,SHM,408.5
91,204,4,2,29,13.3,Depok,HGB,823.6
146,303,5,3,8,2.3,Depok,HGB,2382.5
182,454,5,3,19,6.9,Depok,SHM,1854.8
61,66,1,1,29,9.0,Depok,SHM,507.7
64,110,2,1,37,6.3,Depok,HGB,542.3
81,90,2,1,8,12.0,Sewon,SHM,412.1
76,177,3,2,33,0.8,Sewon,SHM,541.6
186,316,7,3,23,4.9,Sewon,SHM,1943.7
158,235,5,2,22,5.5,Sewon,HGB,1632.2
60,95,1,1,8,9.0,Kasihan,SHM,504.0
48,116,3,1,14,12.5,Ngaglik,SHM,481.0
142,336,5,3,38,3.5,Ngaglik,Girik,1668.3
77,183,3,1,22,2.5,Ngaglik,HGB,756.8
67,163,2,1,30,6.5,Sewon,SHM,603.4
90,198,3,2,8,9.8,Kasihan,SHM,922.7
82,82,2,1,35,15.8,Depok,SHM,448.8
100,245,4,3,8,8.9,Ngaglik,SHM,1055.1
37,39,1,1,21,3.3,Sewon,SHM,284.1
145,363,2,1,10,12.1,Kasihan,SHM,1264.2
71,178,3,1,38,5.5,Mlati,SHM,674.1
97,247,2,2,19,2.5,Mlati,SHM,1143.0
60,153,1,1,30,6.6,Umbulharjo,Girik,316.3
74,140,3,2,11,12.8,Ngaglik,SHM,598.9
110,188,4,3,23,6.0,Sewon,SHM,1130.4
54,99,3,1,27,6.4,Mlati,SHM,607.6
55,75,2,2,39,9.8,Depok,SHM,591.3
78,156,2,1,38,7.0,Kasihan,Girik,504.5
92,227,3,1,39,12.7,Depok,SHM,642.1
169,196,5,3,13,2.9,Ngaglik,SHM,1617.0
103,242,4,2,9,3.5,Mlati,HGB,946.9
69,141,1,1,0,1.6,Mlati,HGB,721.2
207,208,7,4,29,3.5,Gamping,SHM,1720.9
58,100,2,1,4,2.8,Umbulharjo,HGB,514.5
93,103,2,1,28,5.2,Gamping,SHM,490.8
132,134,5,2,13,4.8,Gamping,SHM,1117.9
63,140,2,2,23,3.1,Sewon,HGB,635.6
52,75,2,1,23,9.2,Depok,SHM,414.3
60,59,3,2,34,8.2,Ngaglik,SHM,407.9
55,65,1,1,9,4.8,Depok,SHM,879.6
97,249,3,2,1,1.3,Ngaglik,SHM,1627.2
113,172,4,2,24,4.6,Gamping,SHM,1008.7
74,70,2,1,25,5.4,Kasihan,SHM,682.0
133,125,3,2,21,5.5,Sewon,Girik,417.3
43,39,2,1,34,9.7,Depok,SHM,445.8
90,205,3,1,4,10.3,Gamping,HGB,591.6
158,186,6,4,34,2.2,Sewon,SHM,2230.7
95,146,4,2,19,6.6,Sewon,HGB,810.6
94,154,2,1,21,6.1,Mlati,HGB,974.8
38,68,1,1,12,4.0,Sewon,SHM,295.0
201,324,7,3,2,3.1,Gamping,HGB,1343.7
73,176,2,2,31,15.1,Umbulharjo,SHM,658.2
78,178,2,1,0,4.1,Kasihan,HGB,767.5
193,262,7,4,1,6.8,Depok,Girik,1438.5
87,188,3,2,1,8.5,Depok,SHM,852.3
60,141,2,2,35,10.1,Kasihan,SHM,445.4
140,292,4,3,5,5.1,Sewon,SHM,1448.1
160,360,6,3,5,9.9,Kasihan,HGB,1349.4
87,132,3,1,33,6.1,Depok,HGB,678.5
125,188,3,2,15,9.7,Depok,SHM,1094.1
141,193,3,1,20,6.3,Umbulharjo,HGB,1291.8
80,112,3,1,38,7.7,Kasihan,HGB,584.0
120,302,3,2,35,4.3,Depok,SHM,1435.0
86,141,3,2,13,4.3,Mlati,HGB,674.1
40,103,1,1,16,2.1,Ngaglik,HGB,527.3
116,146,3,2,25,5.1,Gamping,HGB,629.2
83,173,2,1,9,3.1,Sewon,SHM,923.4
156,386,4,2,17,12.0,Mlati,SHM,1666.7
49,105,2,2,21,9.8,Kasihan,HGB,380.3
106,106,3,2,20,10.4,Kasihan,HGB,608.7
48,70,1,1,13,9.0,Umbulharjo,SHM,485.2
109,275,3,2,8,9.2,Sewon,SHM,1066.8
93,183,4,3,38,4.8,Gamping,SHM,735.4
32,57,1,1,28,6.0,Mlati,HGB,213.9
75,149,2,1,38,4.6,Kasihan,SHM,520.1
101,134,5,3,10,6.4,Depok,HGB,1190.7
138,320,5,2,0,3.9,Depok,SHM,1848.1
60,132,1,1,20,5.4,Depok,HGB,587.7
47,106,1,1,3,4.1,Depok,HGB,556.0
137,328,5,3,26,6.2,Depok,SHM,2017.2
110,268,4,2,38,9.8,Umbulharjo,SHM,1060.6
75,115,3,2,33,6.9,Mlati,HGB,560.6
82,147,3,1,20,6.0,Sewon,HGB,760.0
142,361,5,2,34,18.6,Mlati,HGB,1530.3
112,248,3,2,27,13.2,Sewon,SHM,732.7
167,339,5,3,25,4.0,Ngaglik,SHM,1562.6
107,129,3,1,36,7.4,Sewon,SHM,601.2
130,160,3,1,37,6.7,Sewon,SHM,785.8
63,98,1,2,13,2.6,Umbulharjo,SHM,602.1
92,143,2,1,10,9.0,Sewon,SHM,613.8
71,170,4,3,35,6.2,Kasihan,SHM,746.3
103,185,3,1,38,3.8,Depok,SHM,966.8
80,140,2,1,20,4.7,Kasihan,SHM,654.9
87,87,2,1,21,6.4,Depok,SHM,703.5
112,243,5,3,8,3.9,Depok,SHM,1670.9
52,111,2,1,8,4.5,Depok,HGB,652.1
71,104,1,1,28,8.2,Mlati,SHM,448.6
79,193,2,1,10,2.0,Sewon,SHM,678.8
104,254,2,1,6,5.2,Ngaglik,SHM,862.8
97,97,3,2,18,2.0,Umbulharjo,SHM,890.9
90,175,3,1,6,9.8,Sewon,HGB,682.4
90,227,2,1,7,6.7,Depok,HGB,1290.1
82,185,1,1,36,3.6,Kasihan,SHM,483.7
79,126,3,1,19,12.6,Sewon,SHM,574.8
108,188,3,1,38,9.2,Mlati,SHM,894.3
72,105,2,1,6,3.3,Umbulharjo,SHM,631.3
66,72,1,1,12,4.4,Umbulharjo,SHM,715.0
150,213,6,4,19,1.8,Kasihan,SHM,1241.7
99,190,4,2,27,5.0,Gamping,SHM,802.6
72,174,2,1,39,5.3,Kasihan,SHM,580.7
74,83,2,2,33,6.3,Kasihan,SHM,445.7
50,94,1,1,4,2.7,Sewon,SHM,507.3
45,70,1,1,17,14.4,Ngaglik,HGB,288.5
148,204,3,2,34,5.2,Gamping,SHM,775.7
99,200,3,1,32,2.2,Gamping,SHM,910.1
72,139,1,1,5,9.4,Ngaglik,SHM,661.7
97,177,2,1,3,2.2,Kasihan,SHM,1033.8
63,121,3,1,19,7.6,Depok,HGB,699.4
94,225,5,2,24,1.3,Depok,HGB,1019.7
150,197,5,2,36,4.5,Gamping,SHM,1128.0
89,110,3,2,2,6.9,Kasihan,HGB,624.3
60,87,1,1,19,3.3,Umbulharjo,HGB,704.2
68,126,2,1,38,1.6,Umbulharjo,SHM,582.7
106,211,3,2,29,1.2,Depok,SHM,1275.0
45,46,2,1,2,8.9,Kasihan,HGB,332.7
168,408,6,3,4,6.3,Kasihan,HGB,2257.5
108,127,5,3,4,1.5,Sewon,SHM,1152.0
143,339,4,1,5,6.9,Gamping,SHM,1653.6
47,74,1,1,21,7.7,Sewon,HGB,402.9
73,149,4,3,11,3.6,Depok,HGB,1195.6
105,236,4,1,8,4.8,Umbulharjo,SHM,999.7
80,93,3,2,18,8.0,Depok,HGB,682.7
101,190,3,1,9,3.3,Umbulharjo,SHM,954.5
110,243,3,1,21,2.3,Umbulharjo,SHM,1250.1
54,67,3,2,33,8.9,Sewon,Girik,297.3
56,117,2,1,0,7.0,Depok,SHM,652.2
61,157,1,1,12,1.6,Mlati,SHM,657.4
94,96,1,1,30,6.0,Depok,SHM,791.6
185,330,6,3,6,5.1,Sewon,SHM,2223.0
78,197,3,1,15,9.4,Depok,SHM,968.6
122,111,4,2,10,8.1,Umbulharjo,SHM,1296.4
78,161,3,1,9,7.4,Umbulharjo,SHM,804.5
55,107,1,1,38,7.4,Ngaglik,SHM,475.9
63,93,3,1,29,2.7,Mlati,SHM,755.6
124,174,4,2,26,3.8,Kasihan,SHM,757.6
92,147,3,1,19,5.5,Depok,SHM,900.0
66,80,2,1,29,5.3,Umbulharjo,SHM,469.0
63,134,3,1,1,8.2,Depok,SHM,741.3
187,232,5,2,13,2.3,Mlati,SHM,1150.1
46,46,1,1,35,2.2,Mlati,SHM,310.4
117,301,4,2,25,6.1,Kasihan,SHM,1070.2
66,92,3,1,20,7.6,Ngaglik,SHM,504.6
60,57,2,1,30,5.6,Mlati,HGB,430.9
116,234,3,1,20,6.5,Umbulharjo,SHM,1745.3
50,95,1,1,5,1.4,Gamping,SHM,546.0
40,54,2,1,28,4.4,Gamping,SHM,389.8
92,103,3,1,9,3.3,Kasihan,SHM,1033.7
150,308,3,2,34,1.2,Kasihan,SHM,1157.1
63,154,1,1,28,2.7,Sewon,SHM,615.3
72,168,2,2,4,3.8,Depok,SHM,901.6
81,210,2,1,26,10.0,Gamping,SHM,559.6
127,307,5,3,12,11.2,Gamping,HGB,1015.8
163,218,5,2,16,4.7,Umbulharjo,HGB,1446.7
103,209,2,1,33,7.9,Sewon,SHM,1022.4
101,209,4,3,21,4.2,Gamping,Girik,899.8
62,72,2,1,0,2.6,Mlati,SHM,553.3
72,73,2,1,15,4.4,Mlati,SHM,421.4
51,77,2,1,8,4.7,Depok,SHM,741.6
191,302,6,3,4,6.1,Mlati,HGB,1724.9
187,461,5,3,10,5.5,Depok,Girik,1203.5
58,145,2,2,33,4.4,Gamping,HGB,405.3
144,192,4,2,34,9.6,Mlati,HGB,1164.0
100,212,3,2,24,7.0,Depok,SHM,1067.4
61,98,2,1,8,9.9,Ngaglik,SHM,548.5
173,269,5,3,33,4.3,Depok,SHM,1784.3
67,87,2,1,27,1.8,Mlati,SHM,585.0
84,134,3,2,3,5.0,Depok,SHM,799.4
106,272,3,1,32,3.2,Depok,SHM,1412.4
112,236,4,2,14,12.4,Ngaglik,SHM,1081.8
40,50,2,1,39,2.4,Gamping,SHM,333.3
93,241,1,1,12,3.9,Depok,SHM,1063.3
164,294,5,2,38,5.1,Umbulharjo,SHM,1292.0
73,74,2,1,13,6.2,Umbulharjo,SHM,486.2
41,41,1,1,11,3.2,Depok,SHM,721.5
112,116,3,2,37,5.2,Mlati,SHM,1077.8
171,402,5,3,13,4.5,Depok,SHM,2400.9
42,98,1,1,14,3.8,Mlati,SHM,701.8
45,55,2,1,35,7.9,Mlati,SHM,329.4
52,104,1,1,35,9.4,Kasihan,HGB,412.0
187,365,6,3,13,2.2,Ngaglik,SHM,2206.1
154,168,4,1,32,14.8,Ngaglik,SHM,1409.5
161,346,6,4,9,9.3,Gamping,Girik,786.2
45,67,3,1,34,7.2,Depok,HGB,384.5
107,250,3,2,28,7.7,Gamping,HGB,750.0
98,244,4,2,12,1.7,Mlati,HGB,861.2
84,185,3,2,23,5.6,Depok,SHM,1040.9
86,196,4,2,23,5.5,Mlati,SHM,1256.0
88,80,2,1,22,10.9,Mlati,SHM,436.8
48,101,2,1,34,14.9,Depok,SHM,380.0
107,173,3,1,11,6.1,Mlati,Girik,1188.6
188,298,5,3,3,4.6,Kasihan,SHM,2775.9
